"Código","Municipio","Total de personas","Grupo de Edades 15 años","Cantidad","Porcentaje de Poblacion"
101,"Guatemala",923392,"0 - 14",216690,23.47
101,"Guatemala",923392,"15 - 29",260240,28.18
101,"Guatemala",923392,"30 - 64",366000,39.64
101,"Guatemala",923392,"65 - 84",71213,7.71
101,"Guatemala",923392,"85 o más",9249,1
102,"Santa Catarina Pinula",80582,"0 - 14",21063,26.14
102,"Santa Catarina Pinula",80582,"15 - 29",23500,29.16
102,"Santa Catarina Pinula",80582,"30 - 64",31068,38.55
102,"Santa Catarina Pinula",80582,"65 - 84",4487,5.57
102,"Santa Catarina Pinula",80582,"85 o más",464,0.58
103,"San José Pinula",79844,"0 - 14",24119,30.21
103,"San José Pinula",79844,"15 - 29",23937,29.98
103,"San José Pinula",79844,"30 - 64",28132,35.23
103,"San José Pinula",79844,"65 - 84",3354,4.2
103,"San José Pinula",79844,"85 o más",302,0.38
104,"San José del Golfo",7229,"0 - 14",2161,29.89
104,"San José del Golfo",7229,"15 - 29",2045,28.29
104,"San José del Golfo",7229,"30 - 64",2471,34.18
104,"San José del Golfo",7229,"65 - 84",485,6.71
104,"San José del Golfo",7229,"85 o más",67,0.93
105,"Palencia",70973,"0 - 14",23483,33.09
105,"Palencia",70973,"15 - 29",21038,29.64
105,"Palencia",70973,"30 - 64",22835,32.17
105,"Palencia",70973,"65 - 84",3215,4.53
105,"Palencia",70973,"85 o más",402,0.57
106,"Chinautla",114752,"0 - 14",34128,29.74
106,"Chinautla",114752,"15 - 29",34268,29.86
106,"Chinautla",114752,"30 - 64",40501,35.29
106,"Chinautla",114752,"65 - 84",5259,4.58
106,"Chinautla",114752,"85 o más",596,0.52
107,"San Pedro Ayampuc",58609,"0 - 14",18188,31.03
107,"San Pedro Ayampuc",58609,"15 - 29",18019,30.74
107,"San Pedro Ayampuc",58609,"30 - 64",19415,33.13
107,"San Pedro Ayampuc",58609,"65 - 84",2699,4.61
107,"San Pedro Ayampuc",58609,"85 o más",288,0.49
108,"Mixco",465773,"0 - 14",114412,24.56
108,"Mixco",465773,"15 - 29",131209,28.17
108,"Mixco",465773,"30 - 64",185424,39.81
108,"Mixco",465773,"65 - 84",31386,6.74
108,"Mixco",465773,"85 o más",3342,0.72
109,"San Pedro Sacatepéquez",51292,"0 - 14",15931,31.06
109,"San Pedro Sacatepéquez",51292,"15 - 29",15521,30.26
109,"San Pedro Sacatepéquez",51292,"30 - 64",17397,33.92
109,"San Pedro Sacatepéquez",51292,"65 - 84",2226,4.34
109,"San Pedro Sacatepéquez",51292,"85 o más",217,0.42
110,"San Juan Sacatepéquez",218156,"0 - 14",71916,32.97
110,"San Juan Sacatepéquez",218156,"15 - 29",66549,30.51
110,"San Juan Sacatepéquez",218156,"30 - 64",69781,31.99
110,"San Juan Sacatepéquez",218156,"65 - 84",9067,4.16
110,"San Juan Sacatepéquez",218156,"85 o más",843,0.39
111,"San Raymundo",31605,"0 - 14",10244,32.41
111,"San Raymundo",31605,"15 - 29",9920,31.39
111,"San Raymundo",31605,"30 - 64",9526,30.14
111,"San Raymundo",31605,"65 - 84",1691,5.35
111,"San Raymundo",31605,"85 o más",224,0.71
112,"Chuarrancho",12638,"0 - 14",4281,33.87
112,"Chuarrancho",12638,"15 - 29",3646,28.85
112,"Chuarrancho",12638,"30 - 64",3760,29.75
112,"Chuarrancho",12638,"65 - 84",842,6.66
112,"Chuarrancho",12638,"85 o más",109,0.86
113,"Fraijanes",58922,"0 - 14",14679,24.91
113,"Fraijanes",58922,"15 - 29",17810,30.23
113,"Fraijanes",58922,"30 - 64",23223,39.41
113,"Fraijanes",58922,"65 - 84",2925,4.96
113,"Fraijanes",58922,"85 o más",285,0.48
114,"Amatitlán",116711,"0 - 14",33702,28.88
114,"Amatitlán",116711,"15 - 29",35614,30.51
114,"Amatitlán",116711,"30 - 64",41342,35.42
114,"Amatitlán",116711,"65 - 84",5446,4.67
114,"Amatitlán",116711,"85 o más",607,0.52
115,"Villa Nueva",433734,"0 - 14",119595,27.57
115,"Villa Nueva",433734,"15 - 29",127417,29.38
115,"Villa Nueva",433734,"30 - 64",163769,37.76
115,"Villa Nueva",433734,"65 - 84",20973,4.84
115,"Villa Nueva",433734,"85 o más",1980,0.46
116,"Villa Canales",155422,"0 - 14",46721,30.06
116,"Villa Canales",155422,"15 - 29",47425,30.51
116,"Villa Canales",155422,"30 - 64",53825,34.63
116,"Villa Canales",155422,"65 - 84",6785,4.37
116,"Villa Canales",155422,"85 o más",666,0.43
117,"San Miguel Petapa",135447,"0 - 14",35566,26.26
117,"San Miguel Petapa",135447,"15 - 29",40616,29.99
117,"San Miguel Petapa",135447,"30 - 64",52731,38.93
117,"San Miguel Petapa",135447,"65 - 84",5942,4.39
117,"San Miguel Petapa",135447,"85 o más",592,0.44
201,"Guastatoya",24821,"0 - 14",6638,26.74
201,"Guastatoya",24821,"15 - 29",7056,28.43
201,"Guastatoya",24821,"30 - 64",9233,37.2
201,"Guastatoya",24821,"65 - 84",1655,6.67
201,"Guastatoya",24821,"85 o más",239,0.96
202,"Morazán",12164,"0 - 14",3549,29.18
202,"Morazán",12164,"15 - 29",3370,27.7
202,"Morazán",12164,"30 - 64",4137,34.01
202,"Morazán",12164,"65 - 84",964,7.93
202,"Morazán",12164,"85 o más",144,1.18
203,"San Agustín Acasaguastlán",45765,"0 - 14",16088,35.15
203,"San Agustín Acasaguastlán",45765,"15 - 29",13370,29.21
203,"San Agustín Acasaguastlán",45765,"30 - 64",13715,29.97
203,"San Agustín Acasaguastlán",45765,"65 - 84",2272,4.96
203,"San Agustín Acasaguastlán",45765,"85 o más",320,0.7
204,"San Cristóbal Acasaguastlán",7199,"0 - 14",2183,30.32
204,"San Cristóbal Acasaguastlán",7199,"15 - 29",2063,28.66
204,"San Cristóbal Acasaguastlán",7199,"30 - 64",2434,33.81
204,"San Cristóbal Acasaguastlán",7199,"65 - 84",446,6.2
204,"San Cristóbal Acasaguastlán",7199,"85 o más",73,1.01
205,"El Jícaro",13128,"0 - 14",3692,28.12
205,"El Jícaro",13128,"15 - 29",3800,28.95
205,"El Jícaro",13128,"30 - 64",4571,34.82
205,"El Jícaro",13128,"65 - 84",945,7.2
205,"El Jícaro",13128,"85 o más",120,0.91
206,"Sansare",13154,"0 - 14",3681,27.98
206,"Sansare",13154,"15 - 29",3748,28.49
206,"Sansare",13154,"30 - 64",4622,35.14
206,"Sansare",13154,"65 - 84",976,7.42
206,"Sansare",13154,"85 o más",127,0.97
207,"Sanarate",39444,"0 - 14",11351,28.78
207,"Sanarate",39444,"15 - 29",11197,28.39
207,"Sanarate",39444,"30 - 64",14072,35.68
207,"Sanarate",39444,"65 - 84",2531,6.42
207,"Sanarate",39444,"85 o más",293,0.74
208,"San Antonio la Paz",20957,"0 - 14",6747,32.19
208,"San Antonio la Paz",20957,"15 - 29",6039,28.82
208,"San Antonio la Paz",20957,"30 - 64",6977,33.29
208,"San Antonio la Paz",20957,"65 - 84",1058,5.05
208,"San Antonio la Paz",20957,"85 o más",136,0.65
301,"Antigua Guatemala",46054,"0 - 14",11357,24.66
301,"Antigua Guatemala",46054,"15 - 29",13499,29.31
301,"Antigua Guatemala",46054,"30 - 64",17177,37.3
301,"Antigua Guatemala",46054,"65 - 84",3466,7.53
301,"Antigua Guatemala",46054,"85 o más",555,1.21
302,"Jocotenango",21657,"0 - 14",5377,24.83
302,"Jocotenango",21657,"15 - 29",6153,28.41
302,"Jocotenango",21657,"30 - 64",8446,39
302,"Jocotenango",21657,"65 - 84",1543,7.12
302,"Jocotenango",21657,"85 o más",138,0.64
303,"Pastores",17814,"0 - 14",5363,30.11
303,"Pastores",17814,"15 - 29",5277,29.62
303,"Pastores",17814,"30 - 64",6189,34.74
303,"Pastores",17814,"65 - 84",874,4.91
303,"Pastores",17814,"85 o más",111,0.62
304,"Sumpango",37260,"0 - 14",11677,31.34
304,"Sumpango",37260,"15 - 29",11377,30.53
304,"Sumpango",37260,"30 - 64",12462,33.45
304,"Sumpango",37260,"65 - 84",1544,4.14
304,"Sumpango",37260,"85 o más",200,0.54
305,"Santo Domingo Xenacoj",12402,"0 - 14",3859,31.12
305,"Santo Domingo Xenacoj",12402,"15 - 29",3950,31.85
305,"Santo Domingo Xenacoj",12402,"30 - 64",4009,32.33
305,"Santo Domingo Xenacoj",12402,"65 - 84",532,4.29
305,"Santo Domingo Xenacoj",12402,"85 o más",52,0.42
306,"Santiago Sacatepéquez",29238,"0 - 14",8602,29.42
306,"Santiago Sacatepéquez",29238,"15 - 29",9193,31.44
306,"Santiago Sacatepéquez",29238,"30 - 64",9958,34.06
306,"Santiago Sacatepéquez",29238,"65 - 84",1348,4.61
306,"Santiago Sacatepéquez",29238,"85 o más",137,0.47
307,"San Bartolomé Milpas Altas",7816,"0 - 14",2254,28.84
307,"San Bartolomé Milpas Altas",7816,"15 - 29",2398,30.68
307,"San Bartolomé Milpas Altas",7816,"30 - 64",2756,35.26
307,"San Bartolomé Milpas Altas",7816,"65 - 84",385,4.93
307,"San Bartolomé Milpas Altas",7816,"85 o más",23,0.29
308,"San Lucas Sacatepéquez",23369,"0 - 14",6076,26
308,"San Lucas Sacatepéquez",23369,"15 - 29",6703,28.68
308,"San Lucas Sacatepéquez",23369,"30 - 64",8992,38.48
308,"San Lucas Sacatepéquez",23369,"65 - 84",1464,6.26
308,"San Lucas Sacatepéquez",23369,"85 o más",134,0.57
309,"Santa Lucía Milpas Altas",15570,"0 - 14",4330,27.81
309,"Santa Lucía Milpas Altas",15570,"15 - 29",4750,30.51
309,"Santa Lucía Milpas Altas",15570,"30 - 64",5679,36.47
309,"Santa Lucía Milpas Altas",15570,"65 - 84",735,4.72
309,"Santa Lucía Milpas Altas",15570,"85 o más",76,0.49
310,"Magdalena Milpas Altas",11856,"0 - 14",3473,29.29
310,"Magdalena Milpas Altas",11856,"15 - 29",3723,31.4
310,"Magdalena Milpas Altas",11856,"30 - 64",4061,34.25
310,"Magdalena Milpas Altas",11856,"65 - 84",532,4.49
310,"Magdalena Milpas Altas",11856,"85 o más",67,0.57
311,"Santa María de Jesús",21938,"0 - 14",7574,34.52
311,"Santa María de Jesús",21938,"15 - 29",6971,31.78
311,"Santa María de Jesús",21938,"30 - 64",6343,28.91
311,"Santa María de Jesús",21938,"65 - 84",930,4.24
311,"Santa María de Jesús",21938,"85 o más",120,0.55
312,"Ciudad Vieja",33405,"0 - 14",9500,28.44
312,"Ciudad Vieja",33405,"15 - 29",10190,30.5
312,"Ciudad Vieja",33405,"30 - 64",11820,35.38
312,"Ciudad Vieja",33405,"65 - 84",1709,5.12
312,"Ciudad Vieja",33405,"85 o más",186,0.56
313,"San Miguel Dueñas",12696,"0 - 14",3705,29.18
313,"San Miguel Dueñas",12696,"15 - 29",3900,30.72
313,"San Miguel Dueñas",12696,"30 - 64",4357,34.32
313,"San Miguel Dueñas",12696,"65 - 84",659,5.19
313,"San Miguel Dueñas",12696,"85 o más",75,0.59
314,"San Juan Alotenango",23986,"0 - 14",7622,31.78
314,"San Juan Alotenango",23986,"15 - 29",7527,31.38
314,"San Juan Alotenango",23986,"30 - 64",7579,31.6
314,"San Juan Alotenango",23986,"65 - 84",1123,4.68
314,"San Juan Alotenango",23986,"85 o más",135,0.56
315,"San Antonio Aguas Calientes",11347,"0 - 14",3182,28.04
315,"San Antonio Aguas Calientes",11347,"15 - 29",3380,29.79
315,"San Antonio Aguas Calientes",11347,"30 - 64",4015,35.38
315,"San Antonio Aguas Calientes",11347,"65 - 84",682,6.01
315,"San Antonio Aguas Calientes",11347,"85 o más",88,0.78
316,"Santa Catarina Barahona",4061,"0 - 14",1143,28.15
316,"Santa Catarina Barahona",4061,"15 - 29",1187,29.23
316,"Santa Catarina Barahona",4061,"30 - 64",1456,35.85
316,"Santa Catarina Barahona",4061,"65 - 84",244,6.01
316,"Santa Catarina Barahona",4061,"85 o más",31,0.76
401,"Chimaltenango",96985,"0 - 14",29235,30.14
401,"Chimaltenango",96985,"15 - 29",30856,31.82
401,"Chimaltenango",96985,"30 - 64",32280,33.28
401,"Chimaltenango",96985,"65 - 84",4163,4.29
401,"Chimaltenango",96985,"85 o más",451,0.47
402,"San José Poaquil",26845,"0 - 14",8921,33.23
402,"San José Poaquil",26845,"15 - 29",8403,31.3
402,"San José Poaquil",26845,"30 - 64",8183,30.48
402,"San José Poaquil",26845,"65 - 84",1234,4.6
402,"San José Poaquil",26845,"85 o más",104,0.39
403,"San Martín Jilotepeque",73469,"0 - 14",25269,34.39
403,"San Martín Jilotepeque",73469,"15 - 29",22393,30.48
403,"San Martín Jilotepeque",73469,"30 - 64",21488,29.25
403,"San Martín Jilotepeque",73469,"65 - 84",3832,5.22
403,"San Martín Jilotepeque",73469,"85 o más",487,0.66
404,"San Juan Comalapa",48597,"0 - 14",15592,32.08
404,"San Juan Comalapa",48597,"15 - 29",15184,31.24
404,"San Juan Comalapa",48597,"30 - 64",15118,31.11
404,"San Juan Comalapa",48597,"65 - 84",2410,4.96
404,"San Juan Comalapa",48597,"85 o más",293,0.6
405,"Santa Apolonia",18540,"0 - 14",7176,38.71
405,"Santa Apolonia",18540,"15 - 29",5678,30.63
405,"Santa Apolonia",18540,"30 - 64",5017,27.06
405,"Santa Apolonia",18540,"65 - 84",624,3.37
405,"Santa Apolonia",18540,"85 o más",45,0.24
406,"Tecpán Guatemala",91927,"0 - 14",35285,38.38
406,"Tecpán Guatemala",91927,"15 - 29",27686,30.12
406,"Tecpán Guatemala",91927,"30 - 64",25275,27.49
406,"Tecpán Guatemala",91927,"65 - 84",3300,3.59
406,"Tecpán Guatemala",91927,"85 o más",381,0.41
407,"Patzún",58240,"0 - 14",19574,33.61
407,"Patzún",58240,"15 - 29",17496,30.04
407,"Patzún",58240,"30 - 64",18133,31.13
407,"Patzún",58240,"65 - 84",2705,4.64
407,"Patzún",58240,"85 o más",332,0.57
408,"San Miguel Pochuta",8790,"0 - 14",2983,33.94
408,"San Miguel Pochuta",8790,"15 - 29",2643,30.07
408,"San Miguel Pochuta",8790,"30 - 64",2579,29.34
408,"San Miguel Pochuta",8790,"65 - 84",536,6.1
408,"San Miguel Pochuta",8790,"85 o más",49,0.56
409,"Patzicía",33207,"0 - 14",10951,32.98
409,"Patzicía",33207,"15 - 29",9967,30.01
409,"Patzicía",33207,"30 - 64",10547,31.76
409,"Patzicía",33207,"65 - 84",1565,4.71
409,"Patzicía",33207,"85 o más",177,0.53
410,"Santa Cruz Balanyá",9479,"0 - 14",3223,34
410,"Santa Cruz Balanyá",9479,"15 - 29",2853,30.1
410,"Santa Cruz Balanyá",9479,"30 - 64",2930,30.91
410,"Santa Cruz Balanyá",9479,"65 - 84",436,4.6
410,"Santa Cruz Balanyá",9479,"85 o más",37,0.39
411,"Acatenango",23228,"0 - 14",8069,34.74
411,"Acatenango",23228,"15 - 29",7034,30.28
411,"Acatenango",23228,"30 - 64",6914,29.77
411,"Acatenango",23228,"65 - 84",1086,4.68
411,"Acatenango",23228,"85 o más",125,0.54
412,"San Pedro Yepocapa",34948,"0 - 14",13242,37.89
412,"San Pedro Yepocapa",34948,"15 - 29",10612,30.37
412,"San Pedro Yepocapa",34948,"30 - 64",9466,27.09
412,"San Pedro Yepocapa",34948,"65 - 84",1470,4.21
412,"San Pedro Yepocapa",34948,"85 o más",158,0.45
413,"San Andrés Itzapa",32083,"0 - 14",10976,34.21
413,"San Andrés Itzapa",32083,"15 - 29",9800,30.55
413,"San Andrés Itzapa",32083,"30 - 64",9819,30.6
413,"San Andrés Itzapa",32083,"65 - 84",1362,4.25
413,"San Andrés Itzapa",32083,"85 o más",126,0.39
414,"Parramos",15924,"0 - 14",5224,32.81
414,"Parramos",15924,"15 - 29",5053,31.73
414,"Parramos",15924,"30 - 64",4925,30.93
414,"Parramos",15924,"65 - 84",651,4.09
414,"Parramos",15924,"85 o más",71,0.45
415,"Zaragoza",24022,"0 - 14",7932,33.02
415,"Zaragoza",24022,"15 - 29",7275,30.28
415,"Zaragoza",24022,"30 - 64",7534,31.36
415,"Zaragoza",24022,"65 - 84",1140,4.75
415,"Zaragoza",24022,"85 o más",141,0.59
416,"El Tejar",19492,"0 - 14",5791,29.71
416,"El Tejar",19492,"15 - 29",6073,31.16
416,"El Tejar",19492,"30 - 64",6662,34.18
416,"El Tejar",19492,"65 - 84",872,4.47
416,"El Tejar",19492,"85 o más",94,0.48
501,"Escuintla",156313,"0 - 14",44691,28.59
501,"Escuintla",156313,"15 - 29",46603,29.81
501,"Escuintla",156313,"30 - 64",55540,35.53
501,"Escuintla",156313,"65 - 84",8590,5.5
501,"Escuintla",156313,"85 o más",889,0.57
502,"Santa Lucía Cotzumalguapa",112780,"0 - 14",35713,31.67
502,"Santa Lucía Cotzumalguapa",112780,"15 - 29",34007,30.15
502,"Santa Lucía Cotzumalguapa",112780,"30 - 64",36969,32.78
502,"Santa Lucía Cotzumalguapa",112780,"65 - 84",5541,4.91
502,"Santa Lucía Cotzumalguapa",112780,"85 o más",550,0.49
503,"La Democracia",23017,"0 - 14",7554,32.82
503,"La Democracia",23017,"15 - 29",6735,29.26
503,"La Democracia",23017,"30 - 64",7394,32.12
503,"La Democracia",23017,"65 - 84",1202,5.22
503,"La Democracia",23017,"85 o más",132,0.57
504,"Siquinalá",22968,"0 - 14",7544,32.85
504,"Siquinalá",22968,"15 - 29",6940,30.22
504,"Siquinalá",22968,"30 - 64",7304,31.8
504,"Siquinalá",22968,"65 - 84",1069,4.65
504,"Siquinalá",22968,"85 o más",111,0.48
505,"Masagua",45323,"0 - 14",14958,33
505,"Masagua",45323,"15 - 29",13797,30.44
505,"Masagua",45323,"30 - 64",14185,31.3
505,"Masagua",45323,"65 - 84",2163,4.77
505,"Masagua",45323,"85 o más",220,0.49
506,"Tiquisate",57292,"0 - 14",18651,32.55
506,"Tiquisate",57292,"15 - 29",16740,29.22
506,"Tiquisate",57292,"30 - 64",18639,32.53
506,"Tiquisate",57292,"65 - 84",2935,5.12
506,"Tiquisate",57292,"85 o más",327,0.57
507,"La Gomera",46666,"0 - 14",15068,32.29
507,"La Gomera",46666,"15 - 29",14420,30.9
507,"La Gomera",46666,"30 - 64",14802,31.72
507,"La Gomera",46666,"65 - 84",2141,4.59
507,"La Gomera",46666,"85 o más",235,0.5
508,"Guanagazapa",15958,"0 - 14",5735,35.94
508,"Guanagazapa",15958,"15 - 29",4721,29.58
508,"Guanagazapa",15958,"30 - 64",4681,29.33
508,"Guanagazapa",15958,"65 - 84",753,4.72
508,"Guanagazapa",15958,"85 o más",68,0.43
509,"San José",62801,"0 - 14",19529,31.1
509,"San José",62801,"15 - 29",18888,30.08
509,"San José",62801,"30 - 64",21199,33.76
509,"San José",62801,"65 - 84",2870,4.57
509,"San José",62801,"85 o más",315,0.5
510,"Iztapa",18342,"0 - 14",5579,30.42
510,"Iztapa",18342,"15 - 29",5625,30.67
510,"Iztapa",18342,"30 - 64",6241,34.03
510,"Iztapa",18342,"65 - 84",809,4.41
510,"Iztapa",18342,"85 o más",88,0.48
511,"Palín",65873,"0 - 14",20533,31.17
511,"Palín",65873,"15 - 29",20147,30.58
511,"Palín",65873,"30 - 64",22420,34.04
511,"Palín",65873,"65 - 84",2523,3.83
511,"Palín",65873,"85 o más",250,0.38
512,"San Vicente Pacaya",16705,"0 - 14",5175,30.98
512,"San Vicente Pacaya",16705,"15 - 29",5095,30.5
512,"San Vicente Pacaya",16705,"30 - 64",5427,32.49
512,"San Vicente Pacaya",16705,"65 - 84",895,5.36
512,"San Vicente Pacaya",16705,"85 o más",113,0.68
513,"Nueva Concepción",72909,"0 - 14",23449,32.16
513,"Nueva Concepción",72909,"15 - 29",22260,30.53
513,"Nueva Concepción",72909,"30 - 64",22908,31.42
513,"Nueva Concepción",72909,"65 - 84",3856,5.29
513,"Nueva Concepción",72909,"85 o más",436,0.6
514,"Sipacate",16234,"0 - 14",5099,31.41
514,"Sipacate",16234,"15 - 29",5112,31.49
514,"Sipacate",16234,"30 - 64",5133,31.62
514,"Sipacate",16234,"65 - 84",791,4.87
514,"Sipacate",16234,"85 o más",99,0.61
601,"Cuilapa",41359,"0 - 14",12963,31.34
601,"Cuilapa",41359,"15 - 29",12404,29.99
601,"Cuilapa",41359,"30 - 64",13562,32.79
601,"Cuilapa",41359,"65 - 84",2191,5.3
601,"Cuilapa",41359,"85 o más",239,0.58
602,"Barberena",58276,"0 - 14",19091,32.76
602,"Barberena",58276,"15 - 29",17428,29.91
602,"Barberena",58276,"30 - 64",18687,32.07
602,"Barberena",58276,"65 - 84",2768,4.75
602,"Barberena",58276,"85 o más",302,0.52
603,"Santa Rosa de Lima",19702,"0 - 14",6310,32.03
603,"Santa Rosa de Lima",19702,"15 - 29",5807,29.47
603,"Santa Rosa de Lima",19702,"30 - 64",6139,31.16
603,"Santa Rosa de Lima",19702,"65 - 84",1301,6.6
603,"Santa Rosa de Lima",19702,"85 o más",145,0.74
604,"Casillas",24956,"0 - 14",8060,32.3
604,"Casillas",24956,"15 - 29",7532,30.18
604,"Casillas",24956,"30 - 64",7796,31.24
604,"Casillas",24956,"65 - 84",1373,5.5
604,"Casillas",24956,"85 o más",195,0.78
605,"San Rafael las Flores",12641,"0 - 14",4286,33.91
605,"San Rafael las Flores",12641,"15 - 29",3871,30.62
605,"San Rafael las Flores",12641,"30 - 64",3716,29.4
605,"San Rafael las Flores",12641,"65 - 84",679,5.37
605,"San Rafael las Flores",12641,"85 o más",89,0.7
606,"Oratorio",24954,"0 - 14",8161,32.7
606,"Oratorio",24954,"15 - 29",7000,28.05
606,"Oratorio",24954,"30 - 64",8085,32.4
606,"Oratorio",24954,"65 - 84",1536,6.16
606,"Oratorio",24954,"85 o más",172,0.69
607,"San Juan Tecuaco",10122,"0 - 14",3525,34.83
607,"San Juan Tecuaco",10122,"15 - 29",3033,29.96
607,"San Juan Tecuaco",10122,"30 - 64",2956,29.2
607,"San Juan Tecuaco",10122,"65 - 84",557,5.5
607,"San Juan Tecuaco",10122,"85 o más",51,0.5
608,"Chiquimulilla",53727,"0 - 14",16194,30.14
608,"Chiquimulilla",53727,"15 - 29",15510,28.87
608,"Chiquimulilla",53727,"30 - 64",18153,33.79
608,"Chiquimulilla",53727,"65 - 84",3430,6.38
608,"Chiquimulilla",53727,"85 o más",440,0.82
609,"Taxisco",29846,"0 - 14",9341,31.3
609,"Taxisco",29846,"15 - 29",8316,27.86
609,"Taxisco",29846,"30 - 64",9972,33.41
609,"Taxisco",29846,"65 - 84",1945,6.52
609,"Taxisco",29846,"85 o más",272,0.91
610,"Santa María Ixhuatán",23801,"0 - 14",7624,32.03
610,"Santa María Ixhuatán",23801,"15 - 29",6917,29.06
610,"Santa María Ixhuatán",23801,"30 - 64",7740,32.52
610,"Santa María Ixhuatán",23801,"65 - 84",1340,5.63
610,"Santa María Ixhuatán",23801,"85 o más",180,0.76
611,"Guazacapán",18855,"0 - 14",5903,31.31
611,"Guazacapán",18855,"15 - 29",5431,28.8
611,"Guazacapán",18855,"30 - 64",6284,33.33
611,"Guazacapán",18855,"65 - 84",1110,5.89
611,"Guazacapán",18855,"85 o más",127,0.67
612,"Santa Cruz Naranjo",16385,"0 - 14",5050,30.82
612,"Santa Cruz Naranjo",16385,"15 - 29",4708,28.73
612,"Santa Cruz Naranjo",16385,"30 - 64",5548,33.86
612,"Santa Cruz Naranjo",16385,"65 - 84",947,5.78
612,"Santa Cruz Naranjo",16385,"85 o más",132,0.81
613,"Pueblo Nuevo Viñas",25529,"0 - 14",8701,34.08
613,"Pueblo Nuevo Viñas",25529,"15 - 29",7330,28.71
613,"Pueblo Nuevo Viñas",25529,"30 - 64",7751,30.36
613,"Pueblo Nuevo Viñas",25529,"65 - 84",1545,6.05
613,"Pueblo Nuevo Viñas",25529,"85 o más",202,0.79
614,"Nueva Santa Rosa",36454,"0 - 14",11232,30.81
614,"Nueva Santa Rosa",36454,"15 - 29",10887,29.87
614,"Nueva Santa Rosa",36454,"30 - 64",11840,32.48
614,"Nueva Santa Rosa",36454,"65 - 84",2170,5.95
614,"Nueva Santa Rosa",36454,"85 o más",325,0.89
701,"Sololá",88612,"0 - 14",30102,33.97
701,"Sololá",88612,"15 - 29",27484,31.02
701,"Sololá",88612,"30 - 64",26585,30
701,"Sololá",88612,"65 - 84",3965,4.47
701,"Sololá",88612,"85 o más",476,0.54
702,"San José Chacayá",4068,"0 - 14",1470,36.14
702,"San José Chacayá",4068,"15 - 29",1232,30.29
702,"San José Chacayá",4068,"30 - 64",1142,28.07
702,"San José Chacayá",4068,"65 - 84",199,4.89
702,"San José Chacayá",4068,"85 o más",25,0.61
703,"Santa María Visitación",2370,"0 - 14",664,28.02
703,"Santa María Visitación",2370,"15 - 29",750,31.65
703,"Santa María Visitación",2370,"30 - 64",807,34.05
703,"Santa María Visitación",2370,"65 - 84",131,5.53
703,"Santa María Visitación",2370,"85 o más",18,0.76
704,"Santa Lucía Utatlán",21284,"0 - 14",6585,30.94
704,"Santa Lucía Utatlán",21284,"15 - 29",6467,30.38
704,"Santa Lucía Utatlán",21284,"30 - 64",6724,31.59
704,"Santa Lucía Utatlán",21284,"65 - 84",1336,6.28
704,"Santa Lucía Utatlán",21284,"85 o más",172,0.81
705,"Nahualá",75430,"0 - 14",25944,34.39
705,"Nahualá",75430,"15 - 29",23385,31
705,"Nahualá",75430,"30 - 64",22522,29.86
705,"Nahualá",75430,"65 - 84",3276,4.34
705,"Nahualá",75430,"85 o más",303,0.4
706,"Santa Catarina Ixtahuacán",56981,"0 - 14",20446,35.88
706,"Santa Catarina Ixtahuacán",56981,"15 - 29",17467,30.65
706,"Santa Catarina Ixtahuacán",56981,"30 - 64",16600,29.13
706,"Santa Catarina Ixtahuacán",56981,"65 - 84",2249,3.95
706,"Santa Catarina Ixtahuacán",56981,"85 o más",219,0.38
707,"Santa Clara la Laguna",9405,"0 - 14",3025,32.16
707,"Santa Clara la Laguna",9405,"15 - 29",3054,32.47
707,"Santa Clara la Laguna",9405,"30 - 64",2883,30.65
707,"Santa Clara la Laguna",9405,"65 - 84",387,4.11
707,"Santa Clara la Laguna",9405,"85 o más",56,0.6
708,"Concepción",6601,"0 - 14",2693,40.8
708,"Concepción",6601,"15 - 29",1999,30.28
708,"Concepción",6601,"30 - 64",1671,25.31
708,"Concepción",6601,"65 - 84",226,3.42
708,"Concepción",6601,"85 o más",12,0.18
709,"San Andrés Semetabaj",13142,"0 - 14",4474,34.04
709,"San Andrés Semetabaj",13142,"15 - 29",4009,30.51
709,"San Andrés Semetabaj",13142,"30 - 64",3991,30.37
709,"San Andrés Semetabaj",13142,"65 - 84",603,4.59
709,"San Andrés Semetabaj",13142,"85 o más",65,0.49
710,"Panajachel",15077,"0 - 14",4475,29.68
710,"Panajachel",15077,"15 - 29",4451,29.52
710,"Panajachel",15077,"30 - 64",5339,35.41
710,"Panajachel",15077,"65 - 84",747,4.95
710,"Panajachel",15077,"85 o más",65,0.43
711,"Santa Catarina Palopó",3924,"0 - 14",1403,35.75
711,"Santa Catarina Palopó",3924,"15 - 29",1271,32.39
711,"Santa Catarina Palopó",3924,"30 - 64",1079,27.5
711,"Santa Catarina Palopó",3924,"65 - 84",164,4.18
711,"Santa Catarina Palopó",3924,"85 o más",7,0.18
712,"San Antonio Palopó",14437,"0 - 14",4915,34.04
712,"San Antonio Palopó",14437,"15 - 29",4384,30.37
712,"San Antonio Palopó",14437,"30 - 64",4438,30.74
712,"San Antonio Palopó",14437,"65 - 84",639,4.43
712,"San Antonio Palopó",14437,"85 o más",61,0.42
713,"San Lucas Tolimán",29772,"0 - 14",9783,32.86
713,"San Lucas Tolimán",29772,"15 - 29",9329,31.33
713,"San Lucas Tolimán",29772,"30 - 64",9185,30.85
713,"San Lucas Tolimán",29772,"65 - 84",1339,4.5
713,"San Lucas Tolimán",29772,"85 o más",136,0.46
714,"Santa Cruz la Laguna",5820,"0 - 14",2241,38.51
714,"Santa Cruz la Laguna",5820,"15 - 29",1822,31.31
714,"Santa Cruz la Laguna",5820,"30 - 64",1550,26.63
714,"Santa Cruz la Laguna",5820,"65 - 84",198,3.4
714,"Santa Cruz la Laguna",5820,"85 o más",9,0.15
715,"San Pablo la Laguna",7299,"0 - 14",2107,28.87
715,"San Pablo la Laguna",7299,"15 - 29",2393,32.79
715,"San Pablo la Laguna",7299,"30 - 64",2419,33.14
715,"San Pablo la Laguna",7299,"65 - 84",346,4.74
715,"San Pablo la Laguna",7299,"85 o más",34,0.47
716,"San Marcos la Laguna",2617,"0 - 14",707,27.02
716,"San Marcos la Laguna",2617,"15 - 29",914,34.93
716,"San Marcos la Laguna",2617,"30 - 64",882,33.7
716,"San Marcos la Laguna",2617,"65 - 84",107,4.09
716,"San Marcos la Laguna",2617,"85 o más",7,0.27
717,"San Juan la Laguna",12162,"0 - 14",4068,33.45
717,"San Juan la Laguna",12162,"15 - 29",3655,30.05
717,"San Juan la Laguna",12162,"30 - 64",3838,31.56
717,"San Juan la Laguna",12162,"65 - 84",554,4.56
717,"San Juan la Laguna",12162,"85 o más",47,0.39
718,"San Pedro la Laguna",10705,"0 - 14",2653,24.78
718,"San Pedro la Laguna",10705,"15 - 29",2962,27.67
718,"San Pedro la Laguna",10705,"30 - 64",4166,38.92
718,"San Pedro la Laguna",10705,"65 - 84",814,7.6
718,"San Pedro la Laguna",10705,"85 o más",110,1.03
719,"Santiago Atitlán",41877,"0 - 14",11493,27.44
719,"Santiago Atitlán",41877,"15 - 29",13038,31.13
719,"Santiago Atitlán",41877,"30 - 64",14909,35.6
719,"Santiago Atitlán",41877,"65 - 84",2230,5.33
719,"Santiago Atitlán",41877,"85 o más",207,0.49
801,"Totonicapán",103952,"0 - 14",28808,27.71
801,"Totonicapán",103952,"15 - 29",32176,30.95
801,"Totonicapán",103952,"30 - 64",35436,34.09
801,"Totonicapán",103952,"65 - 84",6708,6.45
801,"Totonicapán",103952,"85 o más",824,0.79
802,"San Cristóbal Totonicapán",36119,"0 - 14",10389,28.76
802,"San Cristóbal Totonicapán",36119,"15 - 29",11549,31.97
802,"San Cristóbal Totonicapán",36119,"30 - 64",11856,32.82
802,"San Cristóbal Totonicapán",36119,"65 - 84",2069,5.73
802,"San Cristóbal Totonicapán",36119,"85 o más",256,0.71
803,"San Francisco el Alto",57894,"0 - 14",18695,32.29
803,"San Francisco el Alto",57894,"15 - 29",18867,32.59
803,"San Francisco el Alto",57894,"30 - 64",17362,29.99
803,"San Francisco el Alto",57894,"65 - 84",2699,4.66
803,"San Francisco el Alto",57894,"85 o más",271,0.47
804,"San Andrés Xecul",26984,"0 - 14",8934,33.11
804,"San Andrés Xecul",26984,"15 - 29",9145,33.89
804,"San Andrés Xecul",26984,"30 - 64",7710,28.57
804,"San Andrés Xecul",26984,"65 - 84",1092,4.05
804,"San Andrés Xecul",26984,"85 o más",103,0.38
805,"Momostenango",105617,"0 - 14",41065,38.88
805,"Momostenango",105617,"15 - 29",30365,28.75
805,"Momostenango",105617,"30 - 64",28393,26.88
805,"Momostenango",105617,"65 - 84",5175,4.9
805,"Momostenango",105617,"85 o más",619,0.59
806,"Santa María Chiquimula",55013,"0 - 14",22361,40.65
806,"Santa María Chiquimula",55013,"15 - 29",16515,30.02
806,"Santa María Chiquimula",55013,"30 - 64",13872,25.22
806,"Santa María Chiquimula",55013,"65 - 84",2084,3.79
806,"Santa María Chiquimula",55013,"85 o más",181,0.33
807,"Santa Lucía la Reforma",22378,"0 - 14",9750,43.57
807,"Santa Lucía la Reforma",22378,"15 - 29",6801,30.39
807,"Santa Lucía la Reforma",22378,"30 - 64",5052,22.58
807,"Santa Lucía la Reforma",22378,"65 - 84",710,3.17
807,"Santa Lucía la Reforma",22378,"85 o más",65,0.29
808,"San Bartolo Aguas Calientes",10612,"0 - 14",4320,40.71
808,"San Bartolo Aguas Calientes",10612,"15 - 29",2847,26.83
808,"San Bartolo Aguas Calientes",10612,"30 - 64",2760,26.01
808,"San Bartolo Aguas Calientes",10612,"65 - 84",597,5.63
808,"San Bartolo Aguas Calientes",10612,"85 o más",88,0.83
901,"Quetzaltenango",180706,"0 - 14",46731,25.86
901,"Quetzaltenango",180706,"15 - 29",55397,30.66
901,"Quetzaltenango",180706,"30 - 64",66219,36.64
901,"Quetzaltenango",180706,"65 - 84",10956,6.06
901,"Quetzaltenango",180706,"85 o más",1403,0.78
902,"Salcajá",19434,"0 - 14",5467,28.13
902,"Salcajá",19434,"15 - 29",5640,29.02
902,"Salcajá",19434,"30 - 64",6835,35.17
902,"Salcajá",19434,"65 - 84",1339,6.89
902,"Salcajá",19434,"85 o más",153,0.79
903,"San Juan Olintepeque",35060,"0 - 14",10617,30.28
903,"San Juan Olintepeque",35060,"15 - 29",11077,31.59
903,"San Juan Olintepeque",35060,"30 - 64",11507,32.82
903,"San Juan Olintepeque",35060,"65 - 84",1668,4.76
903,"San Juan Olintepeque",35060,"85 o más",191,0.54
904,"San Carlos Sija",30224,"0 - 14",9566,31.65
904,"San Carlos Sija",30224,"15 - 29",8344,27.61
904,"San Carlos Sija",30224,"30 - 64",9642,31.9
904,"San Carlos Sija",30224,"65 - 84",2320,7.68
904,"San Carlos Sija",30224,"85 o más",352,1.16
905,"Sibilia",8407,"0 - 14",2547,30.3
905,"Sibilia",8407,"15 - 29",2368,28.17
905,"Sibilia",8407,"30 - 64",2751,32.72
905,"Sibilia",8407,"65 - 84",632,7.52
905,"Sibilia",8407,"85 o más",109,1.3
906,"Cabricán",23033,"0 - 14",8263,35.87
906,"Cabricán",23033,"15 - 29",6824,29.63
906,"Cabricán",23033,"30 - 64",6569,28.52
906,"Cabricán",23033,"65 - 84",1203,5.22
906,"Cabricán",23033,"85 o más",174,0.76
907,"Cajolá",14948,"0 - 14",6277,41.99
907,"Cajolá",14948,"15 - 29",3926,26.26
907,"Cajolá",14948,"30 - 64",3971,26.57
907,"Cajolá",14948,"65 - 84",698,4.67
907,"Cajolá",14948,"85 o más",76,0.51
908,"San Miguel Siguilá",7889,"0 - 14",3173,40.22
908,"San Miguel Siguilá",7889,"15 - 29",2282,28.93
908,"San Miguel Siguilá",7889,"30 - 64",2063,26.15
908,"San Miguel Siguilá",7889,"65 - 84",334,4.23
908,"San Miguel Siguilá",7889,"85 o más",37,0.47
909,"San Juan Ostuncalco",51828,"0 - 14",18149,35.02
909,"San Juan Ostuncalco",51828,"15 - 29",15695,30.28
909,"San Juan Ostuncalco",51828,"30 - 64",15133,29.2
909,"San Juan Ostuncalco",51828,"65 - 84",2548,4.92
909,"San Juan Ostuncalco",51828,"85 o más",303,0.58
910,"San Mateo",7895,"0 - 14",2408,30.5
910,"San Mateo",7895,"15 - 29",2564,32.48
910,"San Mateo",7895,"30 - 64",2526,31.99
910,"San Mateo",7895,"65 - 84",352,4.46
910,"San Mateo",7895,"85 o más",45,0.57
911,"Concepción Chiquirichapa",17342,"0 - 14",5857,33.77
911,"Concepción Chiquirichapa",17342,"15 - 29",4813,27.75
911,"Concepción Chiquirichapa",17342,"30 - 64",5532,31.9
911,"Concepción Chiquirichapa",17342,"65 - 84",994,5.73
911,"Concepción Chiquirichapa",17342,"85 o más",146,0.84
912,"San Martín Sacatepéquez",29373,"0 - 14",10860,36.97
912,"San Martín Sacatepéquez",29373,"15 - 29",8866,30.18
912,"San Martín Sacatepéquez",29373,"30 - 64",8301,28.26
912,"San Martín Sacatepéquez",29373,"65 - 84",1222,4.16
912,"San Martín Sacatepéquez",29373,"85 o más",124,0.42
913,"Almolonga",15724,"0 - 14",3773,24
913,"Almolonga",15724,"15 - 29",4485,28.52
913,"Almolonga",15724,"30 - 64",6411,40.77
913,"Almolonga",15724,"65 - 84",965,6.14
913,"Almolonga",15724,"85 o más",90,0.57
914,"Cantel",42142,"0 - 14",12100,28.71
914,"Cantel",42142,"15 - 29",13608,32.29
914,"Cantel",42142,"30 - 64",14243,33.8
914,"Cantel",42142,"65 - 84",1953,4.63
914,"Cantel",42142,"85 o más",238,0.56
915,"Huitán",13450,"0 - 14",5475,40.71
915,"Huitán",13450,"15 - 29",3788,28.16
915,"Huitán",13450,"30 - 64",3476,25.84
915,"Huitán",13450,"65 - 84",641,4.77
915,"Huitán",13450,"85 o más",70,0.52
916,"Zunil",14118,"0 - 14",3700,26.21
916,"Zunil",14118,"15 - 29",4466,31.63
916,"Zunil",14118,"30 - 64",5180,36.69
916,"Zunil",14118,"65 - 84",690,4.89
916,"Zunil",14118,"85 o más",82,0.58
917,"Colomba Costa Cuca",47544,"0 - 14",16195,34.06
917,"Colomba Costa Cuca",47544,"15 - 29",13933,29.31
917,"Colomba Costa Cuca",47544,"30 - 64",14364,30.21
917,"Colomba Costa Cuca",47544,"65 - 84",2710,5.7
917,"Colomba Costa Cuca",47544,"85 o más",342,0.72
918,"San Francisco la Unión",7939,"0 - 14",2653,33.42
918,"San Francisco la Unión",7939,"15 - 29",2416,30.43
918,"San Francisco la Unión",7939,"30 - 64",2309,29.08
918,"San Francisco la Unión",7939,"65 - 84",493,6.21
918,"San Francisco la Unión",7939,"85 o más",68,0.86
919,"El Palmar",29132,"0 - 14",10114,34.72
919,"El Palmar",29132,"15 - 29",8898,30.54
919,"El Palmar",29132,"30 - 64",8391,28.8
919,"El Palmar",29132,"65 - 84",1538,5.28
919,"El Palmar",29132,"85 o más",191,0.66
920,"Coatepeque",105415,"0 - 14",32957,31.26
920,"Coatepeque",105415,"15 - 29",31729,30.1
920,"Coatepeque",105415,"30 - 64",34029,32.28
920,"Coatepeque",105415,"65 - 84",5931,5.63
920,"Coatepeque",105415,"85 o más",769,0.73
921,"Génova",37497,"0 - 14",13527,36.07
921,"Génova",37497,"15 - 29",11094,29.59
921,"Génova",37497,"30 - 64",10471,27.92
921,"Génova",37497,"65 - 84",2181,5.82
921,"Génova",37497,"85 o más",224,0.6
922,"Flores Costa Cuca",21630,"0 - 14",7164,33.12
922,"Flores Costa Cuca",21630,"15 - 29",6324,29.24
922,"Flores Costa Cuca",21630,"30 - 64",6625,30.63
922,"Flores Costa Cuca",21630,"65 - 84",1330,6.15
922,"Flores Costa Cuca",21630,"85 o más",187,0.86
923,"La Esperanza",22166,"0 - 14",6342,28.61
923,"La Esperanza",22166,"15 - 29",6938,31.3
923,"La Esperanza",22166,"30 - 64",7763,35.02
923,"La Esperanza",22166,"65 - 84",1000,4.51
923,"La Esperanza",22166,"85 o más",123,0.55
924,"Palestina de los Altos",16205,"0 - 14",6318,38.99
924,"Palestina de los Altos",16205,"15 - 29",4303,26.55
924,"Palestina de los Altos",16205,"30 - 64",4668,28.81
924,"Palestina de los Altos",16205,"65 - 84",803,4.96
924,"Palestina de los Altos",16205,"85 o más",113,0.7
1001,"Mazatenango",77431,"0 - 14",23698,30.61
1001,"Mazatenango",77431,"15 - 29",22375,28.9
1001,"Mazatenango",77431,"30 - 64",26235,33.88
1001,"Mazatenango",77431,"65 - 84",4620,5.97
1001,"Mazatenango",77431,"85 o más",503,0.65
1002,"Cuyotenango",33436,"0 - 14",11077,33.13
1002,"Cuyotenango",33436,"15 - 29",10122,30.27
1002,"Cuyotenango",33436,"30 - 64",10397,31.1
1002,"Cuyotenango",33436,"65 - 84",1654,4.95
1002,"Cuyotenango",33436,"85 o más",186,0.56
1003,"San Francisco Zapotitlán",22533,"0 - 14",7084,31.44
1003,"San Francisco Zapotitlán",22533,"15 - 29",6747,29.94
1003,"San Francisco Zapotitlán",22533,"30 - 64",7339,32.57
1003,"San Francisco Zapotitlán",22533,"65 - 84",1215,5.39
1003,"San Francisco Zapotitlán",22533,"85 o más",148,0.66
1004,"San Bernardino",15849,"0 - 14",5557,35.06
1004,"San Bernardino",15849,"15 - 29",4699,29.65
1004,"San Bernardino",15849,"30 - 64",4788,30.21
1004,"San Bernardino",15849,"65 - 84",734,4.63
1004,"San Bernardino",15849,"85 o más",71,0.45
1005,"San José el Ídolo",10212,"0 - 14",3625,35.5
1005,"San José el Ídolo",10212,"15 - 29",3033,29.7
1005,"San José el Ídolo",10212,"30 - 64",2974,29.12
1005,"San José el Ídolo",10212,"65 - 84",519,5.08
1005,"San José el Ídolo",10212,"85 o más",61,0.6
1006,"Santo Domingo Suchitepéquez",42291,"0 - 14",14770,34.92
1006,"Santo Domingo Suchitepéquez",42291,"15 - 29",13034,30.82
1006,"Santo Domingo Suchitepéquez",42291,"30 - 64",12285,29.05
1006,"Santo Domingo Suchitepéquez",42291,"65 - 84",1990,4.71
1006,"Santo Domingo Suchitepéquez",42291,"85 o más",212,0.5
1007,"San Lorenzo",13282,"0 - 14",4565,34.37
1007,"San Lorenzo",13282,"15 - 29",4029,30.33
1007,"San Lorenzo",13282,"30 - 64",4032,30.36
1007,"San Lorenzo",13282,"65 - 84",589,4.43
1007,"San Lorenzo",13282,"85 o más",67,0.5
1008,"Samayac",24790,"0 - 14",7605,30.68
1008,"Samayac",24790,"15 - 29",7645,30.84
1008,"Samayac",24790,"30 - 64",8189,33.03
1008,"Samayac",24790,"65 - 84",1202,4.85
1008,"Samayac",24790,"85 o más",149,0.6
1009,"San Pablo Jocopilas",20433,"0 - 14",6101,29.86
1009,"San Pablo Jocopilas",20433,"15 - 29",6433,31.48
1009,"San Pablo Jocopilas",20433,"30 - 64",6744,33.01
1009,"San Pablo Jocopilas",20433,"65 - 84",1032,5.05
1009,"San Pablo Jocopilas",20433,"85 o más",123,0.6
1010,"San Antonio Suchitepéquez",59184,"0 - 14",21419,36.19
1010,"San Antonio Suchitepéquez",59184,"15 - 29",17824,30.12
1010,"San Antonio Suchitepéquez",59184,"30 - 64",16952,28.64
1010,"San Antonio Suchitepéquez",59184,"65 - 84",2708,4.58
1010,"San Antonio Suchitepéquez",59184,"85 o más",281,0.47
1011,"San Miguel Panán",10320,"0 - 14",4080,39.53
1011,"San Miguel Panán",10320,"15 - 29",3042,29.48
1011,"San Miguel Panán",10320,"30 - 64",2730,26.45
1011,"San Miguel Panán",10320,"65 - 84",423,4.1
1011,"San Miguel Panán",10320,"85 o más",45,0.44
1012,"San Gabriel",7383,"0 - 14",2481,33.6
1012,"San Gabriel",7383,"15 - 29",2191,29.68
1012,"San Gabriel",7383,"30 - 64",2351,31.84
1012,"San Gabriel",7383,"65 - 84",327,4.43
1012,"San Gabriel",7383,"85 o más",33,0.45
1013,"Chicacao",60735,"0 - 14",23426,38.57
1013,"Chicacao",60735,"15 - 29",17397,28.64
1013,"Chicacao",60735,"30 - 64",16827,27.71
1013,"Chicacao",60735,"65 - 84",2831,4.66
1013,"Chicacao",60735,"85 o más",254,0.42
1014,"Patulul",40683,"0 - 14",14004,34.42
1014,"Patulul",40683,"15 - 29",12223,30.04
1014,"Patulul",40683,"30 - 64",12324,30.29
1014,"Patulul",40683,"65 - 84",1933,4.75
1014,"Patulul",40683,"85 o más",199,0.49
1015,"Santa Bárbara",26346,"0 - 14",9826,37.3
1015,"Santa Bárbara",26346,"15 - 29",7608,28.88
1015,"Santa Bárbara",26346,"30 - 64",7451,28.28
1015,"Santa Bárbara",26346,"65 - 84",1318,5
1015,"Santa Bárbara",26346,"85 o más",143,0.54
1016,"San Juan Bautista",7826,"0 - 14",2926,37.39
1016,"San Juan Bautista",7826,"15 - 29",2286,29.21
1016,"San Juan Bautista",7826,"30 - 64",2252,28.78
1016,"San Juan Bautista",7826,"65 - 84",347,4.43
1016,"San Juan Bautista",7826,"85 o más",15,0.19
1017,"Santo Tomas la Unión",11698,"0 - 14",3445,29.45
1017,"Santo Tomas la Unión",11698,"15 - 29",3557,30.41
1017,"Santo Tomas la Unión",11698,"30 - 64",3907,33.4
1017,"Santo Tomas la Unión",11698,"65 - 84",713,6.1
1017,"Santo Tomas la Unión",11698,"85 o más",76,0.65
1018,"Zunilito",8280,"0 - 14",2686,32.44
1018,"Zunilito",8280,"15 - 29",2517,30.4
1018,"Zunilito",8280,"30 - 64",2636,31.84
1018,"Zunilito",8280,"65 - 84",396,4.78
1018,"Zunilito",8280,"85 o más",45,0.54
1019,"Pueblo Nuevo",11315,"0 - 14",3602,31.83
1019,"Pueblo Nuevo",11315,"15 - 29",3475,30.71
1019,"Pueblo Nuevo",11315,"30 - 64",3584,31.67
1019,"Pueblo Nuevo",11315,"65 - 84",580,5.13
1019,"Pueblo Nuevo",11315,"85 o más",74,0.65
1020,"Río Bravo",27606,"0 - 14",9941,36.01
1020,"Río Bravo",27606,"15 - 29",8303,30.08
1020,"Río Bravo",27606,"30 - 64",7921,28.69
1020,"Río Bravo",27606,"65 - 84",1308,4.74
1020,"Río Bravo",27606,"85 o más",133,0.48
1021,"San José La Máquina",23062,"0 - 14",8016,34.76
1021,"San José La Máquina",23062,"15 - 29",7062,30.62
1021,"San José La Máquina",23062,"30 - 64",6793,29.46
1021,"San José La Máquina",23062,"65 - 84",1079,4.68
1021,"San José La Máquina",23062,"85 o más",112,0.49
1101,"Retalhuleu",90505,"0 - 14",28638,31.64
1101,"Retalhuleu",90505,"15 - 29",26577,29.37
1101,"Retalhuleu",90505,"30 - 64",29631,32.74
1101,"Retalhuleu",90505,"65 - 84",5091,5.63
1101,"Retalhuleu",90505,"85 o más",568,0.63
1102,"San Sebastián",29167,"0 - 14",9030,30.96
1102,"San Sebastián",29167,"15 - 29",8929,30.61
1102,"San Sebastián",29167,"30 - 64",9610,32.95
1102,"San Sebastián",29167,"65 - 84",1426,4.89
1102,"San Sebastián",29167,"85 o más",172,0.59
1103,"Santa Cruz Muluá",13545,"0 - 14",4582,33.83
1103,"Santa Cruz Muluá",13545,"15 - 29",4074,30.08
1103,"Santa Cruz Muluá",13545,"30 - 64",4135,30.53
1103,"Santa Cruz Muluá",13545,"65 - 84",671,4.95
1103,"Santa Cruz Muluá",13545,"85 o más",83,0.61
1104,"San Martín Zapotitlán",12083,"0 - 14",4001,33.11
1104,"San Martín Zapotitlán",12083,"15 - 29",3673,30.4
1104,"San Martín Zapotitlán",12083,"30 - 64",3756,31.08
1104,"San Martín Zapotitlán",12083,"65 - 84",579,4.79
1104,"San Martín Zapotitlán",12083,"85 o más",74,0.61
1105,"San Felipe",24446,"0 - 14",7880,32.23
1105,"San Felipe",24446,"15 - 29",7302,29.87
1105,"San Felipe",24446,"30 - 64",7779,31.82
1105,"San Felipe",24446,"65 - 84",1320,5.4
1105,"San Felipe",24446,"85 o más",165,0.67
1106,"San Andrés Villa Seca",47820,"0 - 14",17759,37.14
1106,"San Andrés Villa Seca",47820,"15 - 29",14395,30.1
1106,"San Andrés Villa Seca",47820,"30 - 64",13335,27.89
1106,"San Andrés Villa Seca",47820,"65 - 84",2133,4.46
1106,"San Andrés Villa Seca",47820,"85 o más",198,0.41
1107,"Champerico",32815,"0 - 14",11337,34.55
1107,"Champerico",32815,"15 - 29",9522,29.02
1107,"Champerico",32815,"30 - 64",9943,30.3
1107,"Champerico",32815,"65 - 84",1811,5.52
1107,"Champerico",32815,"85 o más",202,0.62
1108,"Nuevo San Carlos",39565,"0 - 14",13474,34.06
1108,"Nuevo San Carlos",39565,"15 - 29",11783,29.78
1108,"Nuevo San Carlos",39565,"30 - 64",11799,29.82
1108,"Nuevo San Carlos",39565,"65 - 84",2215,5.6
1108,"Nuevo San Carlos",39565,"85 o más",294,0.74
1109,"El Asintal",36882,"0 - 14",12197,33.07
1109,"El Asintal",36882,"15 - 29",11584,31.41
1109,"El Asintal",36882,"30 - 64",10632,28.83
1109,"El Asintal",36882,"65 - 84",2199,5.96
1109,"El Asintal",36882,"85 o más",270,0.73
1201,"San Marcos",47063,"0 - 14",14710,31.26
1201,"San Marcos",47063,"15 - 29",13508,28.7
1201,"San Marcos",47063,"30 - 64",15652,33.26
1201,"San Marcos",47063,"65 - 84",2799,5.95
1201,"San Marcos",47063,"85 o más",394,0.84
1202,"San Pedro Sacatepéquez",79158,"0 - 14",24044,30.37
1202,"San Pedro Sacatepéquez",79158,"15 - 29",22254,28.11
1202,"San Pedro Sacatepéquez",79158,"30 - 64",27343,34.54
1202,"San Pedro Sacatepéquez",79158,"65 - 84",4765,6.02
1202,"San Pedro Sacatepéquez",79158,"85 o más",752,0.95
1203,"San Antonio Sacatepéquez",19100,"0 - 14",6720,35.18
1203,"San Antonio Sacatepéquez",19100,"15 - 29",5579,29.21
1203,"San Antonio Sacatepéquez",19100,"30 - 64",5616,29.4
1203,"San Antonio Sacatepéquez",19100,"65 - 84",1032,5.4
1203,"San Antonio Sacatepéquez",19100,"85 o más",153,0.8
1204,"Comitancillo",59489,"0 - 14",25891,43.52
1204,"Comitancillo",59489,"15 - 29",15886,26.7
1204,"Comitancillo",59489,"30 - 64",14808,24.89
1204,"Comitancillo",59489,"65 - 84",2639,4.44
1204,"Comitancillo",59489,"85 o más",265,0.45
1205,"San Miguel Ixtahuacán",47301,"0 - 14",21032,44.46
1205,"San Miguel Ixtahuacán",47301,"15 - 29",12520,26.47
1205,"San Miguel Ixtahuacán",47301,"30 - 64",11416,24.13
1205,"San Miguel Ixtahuacán",47301,"65 - 84",2071,4.38
1205,"San Miguel Ixtahuacán",47301,"85 o más",262,0.55
1206,"Concepción Tutuapa",68148,"0 - 14",29323,43.03
1206,"Concepción Tutuapa",68148,"15 - 29",18074,26.52
1206,"Concepción Tutuapa",68148,"30 - 64",17452,25.61
1206,"Concepción Tutuapa",68148,"65 - 84",2997,4.4
1206,"Concepción Tutuapa",68148,"85 o más",302,0.44
1207,"Tacaná",75788,"0 - 14",29770,39.28
1207,"Tacaná",75788,"15 - 29",20589,27.17
1207,"Tacaná",75788,"30 - 64",20976,27.68
1207,"Tacaná",75788,"65 - 84",3855,5.09
1207,"Tacaná",75788,"85 o más",598,0.79
1208,"Sibinal",15733,"0 - 14",6384,40.58
1208,"Sibinal",15733,"15 - 29",4268,27.13
1208,"Sibinal",15733,"30 - 64",4067,25.85
1208,"Sibinal",15733,"65 - 84",886,5.63
1208,"Sibinal",15733,"85 o más",128,0.81
1209,"Tajumulco",50907,"0 - 14",21322,41.88
1209,"Tajumulco",50907,"15 - 29",13642,26.8
1209,"Tajumulco",50907,"30 - 64",13481,26.48
1209,"Tajumulco",50907,"65 - 84",2225,4.37
1209,"Tajumulco",50907,"85 o más",237,0.47
1210,"Tejutla",38669,"0 - 14",15172,39.24
1210,"Tejutla",38669,"15 - 29",10691,27.65
1210,"Tejutla",38669,"30 - 64",10378,26.84
1210,"Tejutla",38669,"65 - 84",2124,5.49
1210,"Tejutla",38669,"85 o más",304,0.79
1211,"San Rafael Pie de la Cuesta",17139,"0 - 14",5649,32.96
1211,"San Rafael Pie de la Cuesta",17139,"15 - 29",4818,28.11
1211,"San Rafael Pie de la Cuesta",17139,"30 - 64",5480,31.97
1211,"San Rafael Pie de la Cuesta",17139,"65 - 84",1057,6.17
1211,"San Rafael Pie de la Cuesta",17139,"85 o más",135,0.79
1212,"Nuevo Progreso",30067,"0 - 14",10638,35.38
1212,"Nuevo Progreso",30067,"15 - 29",8626,28.69
1212,"Nuevo Progreso",30067,"30 - 64",8785,29.22
1212,"Nuevo Progreso",30067,"65 - 84",1771,5.89
1212,"Nuevo Progreso",30067,"85 o más",247,0.82
1213,"El Tumbador",44395,"0 - 14",15488,34.89
1213,"El Tumbador",44395,"15 - 29",12889,29.03
1213,"El Tumbador",44395,"30 - 64",12934,29.13
1213,"El Tumbador",44395,"65 - 84",2717,6.12
1213,"El Tumbador",44395,"85 o más",367,0.83
1214,"San José el Rodeo",17881,"0 - 14",6042,33.79
1214,"San José el Rodeo",17881,"15 - 29",5266,29.45
1214,"San José el Rodeo",17881,"30 - 64",5227,29.23
1214,"San José el Rodeo",17881,"65 - 84",1178,6.59
1214,"San José el Rodeo",17881,"85 o más",168,0.94
1215,"Malacatán",92816,"0 - 14",32829,35.37
1215,"Malacatán",92816,"15 - 29",27802,29.95
1215,"Malacatán",92816,"30 - 64",27311,29.42
1215,"Malacatán",92816,"65 - 84",4416,4.76
1215,"Malacatán",92816,"85 o más",458,0.49
1216,"Catarina",30014,"0 - 14",9676,32.24
1216,"Catarina",30014,"15 - 29",8660,28.85
1216,"Catarina",30014,"30 - 64",9678,32.24
1216,"Catarina",30014,"65 - 84",1750,5.83
1216,"Catarina",30014,"85 o más",250,0.83
1217,"Ayutla",37049,"0 - 14",12274,33.13
1217,"Ayutla",37049,"15 - 29",11203,30.24
1217,"Ayutla",37049,"30 - 64",11821,31.91
1217,"Ayutla",37049,"65 - 84",1589,4.29
1217,"Ayutla",37049,"85 o más",162,0.44
1218,"Ocós",10841,"0 - 14",3626,33.45
1218,"Ocós",10841,"15 - 29",3341,30.82
1218,"Ocós",10841,"30 - 64",3318,30.61
1218,"Ocós",10841,"65 - 84",495,4.57
1218,"Ocós",10841,"85 o más",61,0.56
1219,"San Pablo",48937,"0 - 14",17276,35.3
1219,"San Pablo",48937,"15 - 29",14253,29.13
1219,"San Pablo",48937,"30 - 64",14570,29.77
1219,"San Pablo",48937,"65 - 84",2538,5.19
1219,"San Pablo",48937,"85 o más",300,0.61
1220,"El Quetzal",23511,"0 - 14",8705,37.03
1220,"El Quetzal",23511,"15 - 29",6702,28.51
1220,"El Quetzal",23511,"30 - 64",6467,27.51
1220,"El Quetzal",23511,"65 - 84",1431,6.09
1220,"El Quetzal",23511,"85 o más",206,0.88
1221,"La Reforma",17918,"0 - 14",6604,36.86
1221,"La Reforma",17918,"15 - 29",5009,27.96
1221,"La Reforma",17918,"30 - 64",4988,27.84
1221,"La Reforma",17918,"65 - 84",1168,6.52
1221,"La Reforma",17918,"85 o más",149,0.83
1222,"Pajapita",21725,"0 - 14",7319,33.69
1222,"Pajapita",21725,"15 - 29",6502,29.93
1222,"Pajapita",21725,"30 - 64",6692,30.8
1222,"Pajapita",21725,"65 - 84",1070,4.93
1222,"Pajapita",21725,"85 o más",142,0.65
1223,"Ixchiguán",22375,"0 - 14",8918,39.86
1223,"Ixchiguán",22375,"15 - 29",5733,25.62
1223,"Ixchiguán",22375,"30 - 64",6530,29.18
1223,"Ixchiguán",22375,"65 - 84",1086,4.85
1223,"Ixchiguán",22375,"85 o más",108,0.48
1224,"San José Ojetenam",19009,"0 - 14",7467,39.28
1224,"San José Ojetenam",19009,"15 - 29",4962,26.1
1224,"San José Ojetenam",19009,"30 - 64",5254,27.64
1224,"San José Ojetenam",19009,"65 - 84",1142,6.01
1224,"San José Ojetenam",19009,"85 o más",184,0.97
1225,"San Cristóbal Cucho",16619,"0 - 14",6046,36.38
1225,"San Cristóbal Cucho",16619,"15 - 29",4717,28.38
1225,"San Cristóbal Cucho",16619,"30 - 64",4687,28.2
1225,"San Cristóbal Cucho",16619,"65 - 84",1017,6.12
1225,"San Cristóbal Cucho",16619,"85 o más",152,0.91
1226,"Sipacapa",20178,"0 - 14",8738,43.3
1226,"Sipacapa",20178,"15 - 29",5509,27.3
1226,"Sipacapa",20178,"30 - 64",4928,24.42
1226,"Sipacapa",20178,"65 - 84",895,4.44
1226,"Sipacapa",20178,"85 o más",108,0.54
1227,"Esquipulas Palo Gordo",12892,"0 - 14",4660,36.15
1227,"Esquipulas Palo Gordo",12892,"15 - 29",3741,29.02
1227,"Esquipulas Palo Gordo",12892,"30 - 64",3704,28.73
1227,"Esquipulas Palo Gordo",12892,"65 - 84",679,5.27
1227,"Esquipulas Palo Gordo",12892,"85 o más",108,0.84
1228,"Río Blanco",5318,"0 - 14",1829,34.39
1228,"Río Blanco",5318,"15 - 29",1472,27.68
1228,"Río Blanco",5318,"30 - 64",1578,29.67
1228,"Río Blanco",5318,"65 - 84",372,7
1228,"Río Blanco",5318,"85 o más",67,1.26
1229,"San Lorenzo",13125,"0 - 14",4805,36.61
1229,"San Lorenzo",13125,"15 - 29",3729,28.41
1229,"San Lorenzo",13125,"30 - 64",3798,28.94
1229,"San Lorenzo",13125,"65 - 84",707,5.39
1229,"San Lorenzo",13125,"85 o más",86,0.66
1230,"La Blanca",29112,"0 - 14",10345,35.54
1230,"La Blanca",29112,"15 - 29",8971,30.82
1230,"La Blanca",29112,"30 - 64",8417,28.91
1230,"La Blanca",29112,"65 - 84",1250,4.29
1230,"La Blanca",29112,"85 o más",129,0.44
1301,"Huehuetenango",117818,"0 - 14",35945,30.51
1301,"Huehuetenango",117818,"15 - 29",34668,29.43
1301,"Huehuetenango",117818,"30 - 64",40158,34.08
1301,"Huehuetenango",117818,"65 - 84",6185,5.25
1301,"Huehuetenango",117818,"85 o más",862,0.73
1302,"Chiantla",87447,"0 - 14",32612,37.29
1302,"Chiantla",87447,"15 - 29",26664,30.49
1302,"Chiantla",87447,"30 - 64",24080,27.54
1302,"Chiantla",87447,"65 - 84",3646,4.17
1302,"Chiantla",87447,"85 o más",445,0.51
1303,"Malacatancito",19155,"0 - 14",6826,35.64
1303,"Malacatancito",19155,"15 - 29",5348,27.92
1303,"Malacatancito",19155,"30 - 64",5693,29.72
1303,"Malacatancito",19155,"65 - 84",1103,5.76
1303,"Malacatancito",19155,"85 o más",185,0.97
1304,"Cuilco",60395,"0 - 14",24422,40.44
1304,"Cuilco",60395,"15 - 29",16072,26.61
1304,"Cuilco",60395,"30 - 64",16420,27.19
1304,"Cuilco",60395,"65 - 84",3054,5.06
1304,"Cuilco",60395,"85 o más",427,0.71
1305,"Nentón",45679,"0 - 14",18732,41.01
1305,"Nentón",45679,"15 - 29",13006,28.47
1305,"Nentón",45679,"30 - 64",12165,26.63
1305,"Nentón",45679,"65 - 84",1617,3.54
1305,"Nentón",45679,"85 o más",159,0.35
1306,"San Pedro Necta",38510,"0 - 14",14620,37.96
1306,"San Pedro Necta",38510,"15 - 29",11408,29.62
1306,"San Pedro Necta",38510,"30 - 64",10836,28.14
1306,"San Pedro Necta",38510,"65 - 84",1502,3.9
1306,"San Pedro Necta",38510,"85 o más",144,0.37
1307,"Jacaltenango",37171,"0 - 14",11522,31
1307,"Jacaltenango",37171,"15 - 29",10837,29.15
1307,"Jacaltenango",37171,"30 - 64",12269,33.01
1307,"Jacaltenango",37171,"65 - 84",2258,6.07
1307,"Jacaltenango",37171,"85 o más",285,0.77
1308,"San Pedro Soloma",49030,"0 - 14",20760,42.34
1308,"San Pedro Soloma",49030,"15 - 29",13450,27.43
1308,"San Pedro Soloma",49030,"30 - 64",12310,25.11
1308,"San Pedro Soloma",49030,"65 - 84",2210,4.51
1308,"San Pedro Soloma",49030,"85 o más",300,0.61
1309,"San Ildefonso Ixtahuacán",44424,"0 - 14",18643,41.97
1309,"San Ildefonso Ixtahuacán",44424,"15 - 29",12519,28.18
1309,"San Ildefonso Ixtahuacán",44424,"30 - 64",11676,26.28
1309,"San Ildefonso Ixtahuacán",44424,"65 - 84",1466,3.3
1309,"San Ildefonso Ixtahuacán",44424,"85 o más",120,0.27
1310,"Santa Bárbara",33608,"0 - 14",14127,42.03
1310,"Santa Bárbara",33608,"15 - 29",9649,28.71
1310,"Santa Bárbara",33608,"30 - 64",8329,24.78
1310,"Santa Bárbara",33608,"65 - 84",1376,4.09
1310,"Santa Bárbara",33608,"85 o más",127,0.38
1311,"La Libertad",38234,"0 - 14",14726,38.52
1311,"La Libertad",38234,"15 - 29",11029,28.85
1311,"La Libertad",38234,"30 - 64",10604,27.73
1311,"La Libertad",38234,"65 - 84",1670,4.37
1311,"La Libertad",38234,"85 o más",205,0.54
1312,"La Democracia",55434,"0 - 14",20615,37.19
1312,"La Democracia",55434,"15 - 29",16505,29.77
1312,"La Democracia",55434,"30 - 64",15823,28.54
1312,"La Democracia",55434,"65 - 84",2254,4.07
1312,"La Democracia",55434,"85 o más",237,0.43
1313,"San Miguel Acatán",27128,"0 - 14",12111,44.64
1313,"San Miguel Acatán",27128,"15 - 29",7027,25.9
1313,"San Miguel Acatán",27128,"30 - 64",6313,23.27
1313,"San Miguel Acatán",27128,"65 - 84",1499,5.53
1313,"San Miguel Acatán",27128,"85 o más",178,0.66
1314,"San Rafael La Independencia",14149,"0 - 14",5984,42.29
1314,"San Rafael La Independencia",14149,"15 - 29",3888,27.48
1314,"San Rafael La Independencia",14149,"30 - 64",3294,23.28
1314,"San Rafael La Independencia",14149,"65 - 84",870,6.15
1314,"San Rafael La Independencia",14149,"85 o más",113,0.8
1315,"Todos Santos Cuchumatán",30186,"0 - 14",11563,38.31
1315,"Todos Santos Cuchumatán",30186,"15 - 29",8274,27.41
1315,"Todos Santos Cuchumatán",30186,"30 - 64",8458,28.02
1315,"Todos Santos Cuchumatán",30186,"65 - 84",1682,5.57
1315,"Todos Santos Cuchumatán",30186,"85 o más",209,0.69
1316,"San Juan Atitán",19418,"0 - 14",7260,37.39
1316,"San Juan Atitán",19418,"15 - 29",5772,29.72
1316,"San Juan Atitán",19418,"30 - 64",5423,27.93
1316,"San Juan Atitán",19418,"65 - 84",902,4.65
1316,"San Juan Atitán",19418,"85 o más",61,0.31
1317,"Santa Eulalia",39025,"0 - 14",16709,42.82
1317,"Santa Eulalia",39025,"15 - 29",11210,28.73
1317,"Santa Eulalia",39025,"30 - 64",9167,23.49
1317,"Santa Eulalia",39025,"65 - 84",1713,4.39
1317,"Santa Eulalia",39025,"85 o más",226,0.58
1318,"San Mateo Ixtatán",43810,"0 - 14",19259,43.96
1318,"San Mateo Ixtatán",43810,"15 - 29",12180,27.8
1318,"San Mateo Ixtatán",43810,"30 - 64",10919,24.92
1318,"San Mateo Ixtatán",43810,"65 - 84",1371,3.13
1318,"San Mateo Ixtatán",43810,"85 o más",81,0.18
1319,"Colotenango",34834,"0 - 14",14963,42.96
1319,"Colotenango",34834,"15 - 29",9496,27.26
1319,"Colotenango",34834,"30 - 64",8875,25.48
1319,"Colotenango",34834,"65 - 84",1354,3.89
1319,"Colotenango",34834,"85 o más",146,0.42
1320,"San Sebastián Huehuetenango",32608,"0 - 14",13226,40.56
1320,"San Sebastián Huehuetenango",32608,"15 - 29",9543,29.27
1320,"San Sebastián Huehuetenango",32608,"30 - 64",8521,26.13
1320,"San Sebastián Huehuetenango",32608,"65 - 84",1188,3.64
1320,"San Sebastián Huehuetenango",32608,"85 o más",130,0.4
1321,"Tectitán",10830,"0 - 14",4531,41.84
1321,"Tectitán",10830,"15 - 29",2832,26.15
1321,"Tectitán",10830,"30 - 64",2899,26.77
1321,"Tectitán",10830,"65 - 84",484,4.47
1321,"Tectitán",10830,"85 o más",84,0.78
1322,"Concepción Huista",18915,"0 - 14",7641,40.4
1322,"Concepción Huista",18915,"15 - 29",5433,28.72
1322,"Concepción Huista",18915,"30 - 64",4815,25.46
1322,"Concepción Huista",18915,"65 - 84",907,4.8
1322,"Concepción Huista",18915,"85 o más",119,0.63
1323,"San Juan Ixcoy",23204,"0 - 14",10018,43.17
1323,"San Juan Ixcoy",23204,"15 - 29",6415,27.65
1323,"San Juan Ixcoy",23204,"30 - 64",5420,23.36
1323,"San Juan Ixcoy",23204,"65 - 84",1206,5.2
1323,"San Juan Ixcoy",23204,"85 o más",145,0.62
1324,"San Antonio Huista",16697,"0 - 14",5701,34.14
1324,"San Antonio Huista",16697,"15 - 29",4749,28.44
1324,"San Antonio Huista",16697,"30 - 64",5180,31.02
1324,"San Antonio Huista",16697,"65 - 84",938,5.62
1324,"San Antonio Huista",16697,"85 o más",129,0.77
1325,"San Sebastián Coatán",20905,"0 - 14",8196,39.21
1325,"San Sebastián Coatán",20905,"15 - 29",6113,29.24
1325,"San Sebastián Coatán",20905,"30 - 64",5392,25.79
1325,"San Sebastián Coatán",20905,"65 - 84",1106,5.29
1325,"San Sebastián Coatán",20905,"85 o más",98,0.47
1326,"Santa Cruz Barillas",100849,"0 - 14",41947,41.59
1326,"Santa Cruz Barillas",100849,"15 - 29",29886,29.63
1326,"Santa Cruz Barillas",100849,"30 - 64",24788,24.58
1326,"Santa Cruz Barillas",100849,"65 - 84",3848,3.82
1326,"Santa Cruz Barillas",100849,"85 o más",380,0.38
1327,"Aguacatán",49607,"0 - 14",17503,35.28
1327,"Aguacatán",49607,"15 - 29",14568,29.37
1327,"Aguacatán",49607,"30 - 64",14272,28.77
1327,"Aguacatán",49607,"65 - 84",2903,5.85
1327,"Aguacatán",49607,"85 o más",361,0.73
1328,"San Rafael Petzal",11271,"0 - 14",4416,39.18
1328,"San Rafael Petzal",11271,"15 - 29",3247,28.81
1328,"San Rafael Petzal",11271,"30 - 64",3064,27.18
1328,"San Rafael Petzal",11271,"65 - 84",467,4.14
1328,"San Rafael Petzal",11271,"85 o más",77,0.68
1329,"San Gaspar Ixchil",8142,"0 - 14",3646,44.78
1329,"San Gaspar Ixchil",8142,"15 - 29",2196,26.97
1329,"San Gaspar Ixchil",8142,"30 - 64",1903,23.37
1329,"San Gaspar Ixchil",8142,"65 - 84",356,4.37
1329,"San Gaspar Ixchil",8142,"85 o más",41,0.5
1330,"Santiago Chimaltenango",10507,"0 - 14",3579,34.06
1330,"Santiago Chimaltenango",10507,"15 - 29",3152,30
1330,"Santiago Chimaltenango",10507,"30 - 64",3281,31.23
1330,"Santiago Chimaltenango",10507,"65 - 84",451,4.29
1330,"Santiago Chimaltenango",10507,"85 o más",44,0.42
1331,"Santa Ana Huista",9413,"0 - 14",3041,32.31
1331,"Santa Ana Huista",9413,"15 - 29",2879,30.59
1331,"Santa Ana Huista",9413,"30 - 64",2899,30.8
1331,"Santa Ana Huista",9413,"65 - 84",524,5.57
1331,"Santa Ana Huista",9413,"85 o más",70,0.74
1332,"Unión Cantinil",15900,"0 - 14",5770,36.29
1332,"Unión Cantinil",15900,"15 - 29",4474,28.14
1332,"Unión Cantinil",15900,"30 - 64",4767,29.98
1332,"Unión Cantinil",15900,"65 - 84",799,5.03
1332,"Unión Cantinil",15900,"85 o más",90,0.57
1333,"Petatán",6366,"0 - 14",2569,40.36
1333,"Petatán",6366,"15 - 29",1845,28.98
1333,"Petatán",6366,"30 - 64",1643,25.81
1333,"Petatán",6366,"65 - 84",285,4.48
1333,"Petatán",6366,"85 o más",24,0.38
1401,"Santa Cruz del Quiché",78279,"0 - 14",26590,33.97
1401,"Santa Cruz del Quiché",78279,"15 - 29",23618,30.17
1401,"Santa Cruz del Quiché",78279,"30 - 64",23673,30.24
1401,"Santa Cruz del Quiché",78279,"65 - 84",3930,5.02
1401,"Santa Cruz del Quiché",78279,"85 o más",468,0.6
1402,"Chiché",29646,"0 - 14",11476,38.71
1402,"Chiché",29646,"15 - 29",9097,30.69
1402,"Chiché",29646,"30 - 64",7657,25.83
1402,"Chiché",29646,"65 - 84",1275,4.3
1402,"Chiché",29646,"85 o más",141,0.48
1403,"Chinique",11382,"0 - 14",4073,35.78
1403,"Chinique",11382,"15 - 29",3455,30.35
1403,"Chinique",11382,"30 - 64",3231,28.39
1403,"Chinique",11382,"65 - 84",528,4.64
1403,"Chinique",11382,"85 o más",95,0.83
1404,"Zacualpa",32750,"0 - 14",12519,38.23
1404,"Zacualpa",32750,"15 - 29",10024,30.61
1404,"Zacualpa",32750,"30 - 64",8619,26.32
1404,"Zacualpa",32750,"65 - 84",1445,4.41
1404,"Zacualpa",32750,"85 o más",143,0.44
1405,"Chajul",46658,"0 - 14",18408,39.45
1405,"Chajul",46658,"15 - 29",14762,31.64
1405,"Chajul",46658,"30 - 64",11732,25.14
1405,"Chajul",46658,"65 - 84",1632,3.5
1405,"Chajul",46658,"85 o más",124,0.27
1406,"Santo Tomás Chichicastenango",141567,"0 - 14",51630,36.47
1406,"Santo Tomás Chichicastenango",141567,"15 - 29",43255,30.55
1406,"Santo Tomás Chichicastenango",141567,"30 - 64",40673,28.73
1406,"Santo Tomás Chichicastenango",141567,"65 - 84",5440,3.84
1406,"Santo Tomás Chichicastenango",141567,"85 o más",569,0.4
1407,"Patzité",6144,"0 - 14",2410,39.23
1407,"Patzité",6144,"15 - 29",1876,30.53
1407,"Patzité",6144,"30 - 64",1577,25.67
1407,"Patzité",6144,"65 - 84",254,4.13
1407,"Patzité",6144,"85 o más",27,0.44
1408,"San Antonio Ilotenango",25590,"0 - 14",10699,41.81
1408,"San Antonio Ilotenango",25590,"15 - 29",7387,28.87
1408,"San Antonio Ilotenango",25590,"30 - 64",6449,25.2
1408,"San Antonio Ilotenango",25590,"65 - 84",966,3.77
1408,"San Antonio Ilotenango",25590,"85 o más",89,0.35
1409,"San Pedro Jocopilas",31950,"0 - 14",12680,39.69
1409,"San Pedro Jocopilas",31950,"15 - 29",9826,30.75
1409,"San Pedro Jocopilas",31950,"30 - 64",8070,25.26
1409,"San Pedro Jocopilas",31950,"65 - 84",1233,3.86
1409,"San Pedro Jocopilas",31950,"85 o más",141,0.44
1410,"Cunén",41455,"0 - 14",17750,42.82
1410,"Cunén",41455,"15 - 29",12340,29.77
1410,"Cunén",41455,"30 - 64",9710,23.42
1410,"Cunén",41455,"65 - 84",1484,3.58
1410,"Cunén",41455,"85 o más",171,0.41
1411,"San Juan Cotzal",31532,"0 - 14",12987,41.19
1411,"San Juan Cotzal",31532,"15 - 29",8920,28.29
1411,"San Juan Cotzal",31532,"30 - 64",8084,25.64
1411,"San Juan Cotzal",31532,"65 - 84",1408,4.47
1411,"San Juan Cotzal",31532,"85 o más",133,0.42
1412,"Joyabaj",82369,"0 - 14",33528,40.7
1412,"Joyabaj",82369,"15 - 29",23397,28.41
1412,"Joyabaj",82369,"30 - 64",21457,26.05
1412,"Joyabaj",82369,"65 - 84",3689,4.48
1412,"Joyabaj",82369,"85 o más",298,0.36
1413,"Santa María Nebaj",72686,"0 - 14",25594,35.21
1413,"Santa María Nebaj",72686,"15 - 29",23331,32.1
1413,"Santa María Nebaj",72686,"30 - 64",20267,27.88
1413,"Santa María Nebaj",72686,"65 - 84",3201,4.4
1413,"Santa María Nebaj",72686,"85 o más",293,0.4
1414,"San Andrés Sajcabajá",24981,"0 - 14",8741,34.99
1414,"San Andrés Sajcabajá",24981,"15 - 29",7424,29.72
1414,"San Andrés Sajcabajá",24981,"30 - 64",7433,29.75
1414,"San Andrés Sajcabajá",24981,"65 - 84",1244,4.98
1414,"San Andrés Sajcabajá",24981,"85 o más",139,0.56
1415,"San Miguel Uspantán",65872,"0 - 14",27528,41.79
1415,"San Miguel Uspantán",65872,"15 - 29",19255,29.23
1415,"San Miguel Uspantán",65872,"30 - 64",16508,25.06
1415,"San Miguel Uspantán",65872,"65 - 84",2354,3.57
1415,"San Miguel Uspantán",65872,"85 o más",227,0.34
1416,"Sacapulas",52620,"0 - 14",20867,39.66
1416,"Sacapulas",52620,"15 - 29",15833,30.09
1416,"Sacapulas",52620,"30 - 64",13565,25.78
1416,"Sacapulas",52620,"65 - 84",2085,3.96
1416,"Sacapulas",52620,"85 o más",270,0.51
1417,"San Bartolomé Jocotenango",13568,"0 - 14",5698,42
1417,"San Bartolomé Jocotenango",13568,"15 - 29",4029,29.69
1417,"San Bartolomé Jocotenango",13568,"30 - 64",3289,24.24
1417,"San Bartolomé Jocotenango",13568,"65 - 84",508,3.74
1417,"San Bartolomé Jocotenango",13568,"85 o más",44,0.32
1418,"Canillá",12172,"0 - 14",4347,35.71
1418,"Canillá",12172,"15 - 29",3395,27.89
1418,"Canillá",12172,"30 - 64",3579,29.4
1418,"Canillá",12172,"65 - 84",752,6.18
1418,"Canillá",12172,"85 o más",99,0.81
1419,"Chicamán",39731,"0 - 14",16876,42.48
1419,"Chicamán",39731,"15 - 29",11135,28.03
1419,"Chicamán",39731,"30 - 64",10022,25.22
1419,"Chicamán",39731,"65 - 84",1537,3.87
1419,"Chicamán",39731,"85 o más",161,0.41
1420,"Playa Grande Ixcán",99470,"0 - 14",41708,41.93
1420,"Playa Grande Ixcán",99470,"15 - 29",29826,29.98
1420,"Playa Grande Ixcán",99470,"30 - 64",24597,24.73
1420,"Playa Grande Ixcán",99470,"65 - 84",3098,3.11
1420,"Playa Grande Ixcán",99470,"85 o más",241,0.24
1421,"Pachalum",8839,"0 - 14",2781,31.46
1421,"Pachalum",8839,"15 - 29",2476,28.01
1421,"Pachalum",8839,"30 - 64",2923,33.07
1421,"Pachalum",8839,"65 - 84",588,6.65
1421,"Pachalum",8839,"85 o más",71,0.8
1501,"Salamá",65275,"0 - 14",21374,32.74
1501,"Salamá",65275,"15 - 29",19364,29.67
1501,"Salamá",65275,"30 - 64",20679,31.68
1501,"Salamá",65275,"65 - 84",3433,5.26
1501,"Salamá",65275,"85 o más",425,0.65
1502,"San Miguel Chicaj",33121,"0 - 14",11798,35.62
1502,"San Miguel Chicaj",33121,"15 - 29",10047,30.33
1502,"San Miguel Chicaj",33121,"30 - 64",9690,29.26
1502,"San Miguel Chicaj",33121,"65 - 84",1425,4.3
1502,"San Miguel Chicaj",33121,"85 o más",161,0.49
1503,"Rabinal",40797,"0 - 14",13073,32.04
1503,"Rabinal",40797,"15 - 29",12142,29.76
1503,"Rabinal",40797,"30 - 64",12714,31.16
1503,"Rabinal",40797,"65 - 84",2584,6.33
1503,"Rabinal",40797,"85 o más",284,0.7
1504,"Cubulco",54869,"0 - 14",19277,35.13
1504,"Cubulco",54869,"15 - 29",16470,30.02
1504,"Cubulco",54869,"30 - 64",15899,28.98
1504,"Cubulco",54869,"65 - 84",2966,5.41
1504,"Cubulco",54869,"85 o más",257,0.47
1505,"Granados",13595,"0 - 14",4115,30.27
1505,"Granados",13595,"15 - 29",3872,28.48
1505,"Granados",13595,"30 - 64",4470,32.88
1505,"Granados",13595,"65 - 84",1026,7.55
1505,"Granados",13595,"85 o más",112,0.82
1506,"Santa Cruz El Chol",9538,"0 - 14",2856,29.94
1506,"Santa Cruz El Chol",9538,"15 - 29",2780,29.15
1506,"Santa Cruz El Chol",9538,"30 - 64",3141,32.93
1506,"Santa Cruz El Chol",9538,"65 - 84",678,7.11
1506,"Santa Cruz El Chol",9538,"85 o más",83,0.87
1507,"San Jerónimo",25459,"0 - 14",8509,33.42
1507,"San Jerónimo",25459,"15 - 29",7386,29.01
1507,"San Jerónimo",25459,"30 - 64",8144,31.99
1507,"San Jerónimo",25459,"65 - 84",1248,4.9
1507,"San Jerónimo",25459,"85 o más",172,0.68
1508,"Purulhá",56822,"0 - 14",24387,42.92
1508,"Purulhá",56822,"15 - 29",16820,29.6
1508,"Purulhá",56822,"30 - 64",13762,24.22
1508,"Purulhá",56822,"65 - 84",1715,3.02
1508,"Purulhá",56822,"85 o más",138,0.24
1601,"Cobán",212421,"0 - 14",75931,35.75
1601,"Cobán",212421,"15 - 29",64083,30.17
1601,"Cobán",212421,"30 - 64",63224,29.76
1601,"Cobán",212421,"65 - 84",8477,3.99
1601,"Cobán",212421,"85 o más",706,0.33
1602,"Santa Cruz Verapaz",32042,"0 - 14",12126,37.84
1602,"Santa Cruz Verapaz",32042,"15 - 29",9839,30.71
1602,"Santa Cruz Verapaz",32042,"30 - 64",8800,27.46
1602,"Santa Cruz Verapaz",32042,"65 - 84",1170,3.65
1602,"Santa Cruz Verapaz",32042,"85 o más",107,0.33
1603,"San Cristóbal Verapaz",68819,"0 - 14",27535,40.01
1603,"San Cristóbal Verapaz",68819,"15 - 29",20144,29.27
1603,"San Cristóbal Verapaz",68819,"30 - 64",18296,26.59
1603,"San Cristóbal Verapaz",68819,"65 - 84",2610,3.79
1603,"San Cristóbal Verapaz",68819,"85 o más",234,0.34
1604,"Tactic",38052,"0 - 14",14067,36.97
1604,"Tactic",38052,"15 - 29",11402,29.96
1604,"Tactic",38052,"30 - 64",10987,28.87
1604,"Tactic",38052,"65 - 84",1444,3.79
1604,"Tactic",38052,"85 o más",152,0.4
1605,"Tamahú",19984,"0 - 14",8046,40.26
1605,"Tamahú",19984,"15 - 29",6061,30.33
1605,"Tamahú",19984,"30 - 64",5151,25.78
1605,"Tamahú",19984,"65 - 84",661,3.31
1605,"Tamahú",19984,"85 o más",65,0.33
1606,"San Miguel Tucurú",43473,"0 - 14",18097,41.63
1606,"San Miguel Tucurú",43473,"15 - 29",12794,29.43
1606,"San Miguel Tucurú",43473,"30 - 64",11009,25.32
1606,"San Miguel Tucurú",43473,"65 - 84",1453,3.34
1606,"San Miguel Tucurú",43473,"85 o más",120,0.28
1607,"Panzós",71846,"0 - 14",30676,42.7
1607,"Panzós",71846,"15 - 29",20860,29.03
1607,"Panzós",71846,"30 - 64",17825,24.81
1607,"Panzós",71846,"65 - 84",2300,3.2
1607,"Panzós",71846,"85 o más",185,0.26
1608,"Senahú",91974,"0 - 14",37161,40.4
1608,"Senahú",91974,"15 - 29",27159,29.53
1608,"Senahú",91974,"30 - 64",24206,26.32
1608,"Senahú",91974,"65 - 84",3175,3.45
1608,"Senahú",91974,"85 o más",273,0.3
1609,"San Pedro Carchá",235275,"0 - 14",89701,38.13
1609,"San Pedro Carchá",235275,"15 - 29",68434,29.09
1609,"San Pedro Carchá",235275,"30 - 64",66910,28.44
1609,"San Pedro Carchá",235275,"65 - 84",9378,3.99
1609,"San Pedro Carchá",235275,"85 o más",852,0.36
1610,"San Juan Chamelco",57456,"0 - 14",21450,37.33
1610,"San Juan Chamelco",57456,"15 - 29",16597,28.89
1610,"San Juan Chamelco",57456,"30 - 64",16656,28.99
1610,"San Juan Chamelco",57456,"65 - 84",2527,4.4
1610,"San Juan Chamelco",57456,"85 o más",226,0.39
1611,"San Agustín Lanquín",24099,"0 - 14",9178,38.08
1611,"San Agustín Lanquín",24099,"15 - 29",7359,30.54
1611,"San Agustín Lanquín",24099,"30 - 64",6647,27.58
1611,"San Agustín Lanquín",24099,"65 - 84",838,3.48
1611,"San Agustín Lanquín",24099,"85 o más",77,0.32
1612,"Santa María Cahabón",64911,"0 - 14",24598,37.89
1612,"Santa María Cahabón",64911,"15 - 29",20318,31.3
1612,"Santa María Cahabón",64911,"30 - 64",17729,27.31
1612,"Santa María Cahabón",64911,"65 - 84",2112,3.25
1612,"Santa María Cahabón",64911,"85 o más",154,0.24
1613,"Chisec",84553,"0 - 14",35722,42.25
1613,"Chisec",84553,"15 - 29",25778,30.49
1613,"Chisec",84553,"30 - 64",20497,24.24
1613,"Chisec",84553,"65 - 84",2378,2.81
1613,"Chisec",84553,"85 o más",178,0.21
1614,"Chahal",26644,"0 - 14",10300,38.66
1614,"Chahal",26644,"15 - 29",8175,30.68
1614,"Chahal",26644,"30 - 64",7223,27.11
1614,"Chahal",26644,"65 - 84",872,3.27
1614,"Chahal",26644,"85 o más",74,0.28
1615,"Fray Bartolomé de las Casas",66141,"0 - 14",26551,40.14
1615,"Fray Bartolomé de las Casas",66141,"15 - 29",19146,28.95
1615,"Fray Bartolomé de las Casas",66141,"30 - 64",17769,26.87
1615,"Fray Bartolomé de las Casas",66141,"65 - 84",2479,3.75
1615,"Fray Bartolomé de las Casas",66141,"85 o más",196,0.3
1616,"Santa Catalina La Tinta",40516,"0 - 14",16179,39.93
1616,"Santa Catalina La Tinta",40516,"15 - 29",11907,29.39
1616,"Santa Catalina La Tinta",40516,"30 - 64",10876,26.84
1616,"Santa Catalina La Tinta",40516,"65 - 84",1440,3.55
1616,"Santa Catalina La Tinta",40516,"85 o más",114,0.28
1617,"Raxruhá",36832,"0 - 14",14831,40.27
1617,"Raxruhá",36832,"15 - 29",11138,30.24
1617,"Raxruhá",36832,"30 - 64",9471,25.71
1617,"Raxruhá",36832,"65 - 84",1287,3.49
1617,"Raxruhá",36832,"85 o más",105,0.29
1701,"Flores",38186,"0 - 14",11381,29.8
1701,"Flores",38186,"15 - 29",12264,32.12
1701,"Flores",38186,"30 - 64",12552,32.87
1701,"Flores",38186,"65 - 84",1763,4.62
1701,"Flores",38186,"85 o más",226,0.59
1702,"San José",6989,"0 - 14",2487,35.58
1702,"San José",6989,"15 - 29",2148,30.73
1702,"San José",6989,"30 - 64",2038,29.16
1702,"San José",6989,"65 - 84",284,4.06
1702,"San José",6989,"85 o más",32,0.46
1703,"San Benito",43841,"0 - 14",13475,30.74
1703,"San Benito",43841,"15 - 29",14013,31.96
1703,"San Benito",43841,"30 - 64",14247,32.5
1703,"San Benito",43841,"65 - 84",1889,4.31
1703,"San Benito",43841,"85 o más",217,0.49
1704,"San Andrés",32878,"0 - 14",12531,38.11
1704,"San Andrés",32878,"15 - 29",10235,31.13
1704,"San Andrés",32878,"30 - 64",8822,26.83
1704,"San Andrés",32878,"65 - 84",1186,3.61
1704,"San Andrés",32878,"85 o más",104,0.32
1705,"La Libertad",71939,"0 - 14",27272,37.91
1705,"La Libertad",71939,"15 - 29",22601,31.42
1705,"La Libertad",71939,"30 - 64",19244,26.75
1705,"La Libertad",71939,"65 - 84",2607,3.62
1705,"La Libertad",71939,"85 o más",215,0.3
1706,"San Francisco",15371,"0 - 14",5412,35.21
1706,"San Francisco",15371,"15 - 29",4772,31.05
1706,"San Francisco",15371,"30 - 64",4456,28.99
1706,"San Francisco",15371,"65 - 84",661,4.3
1706,"San Francisco",15371,"85 o más",70,0.46
1707,"Santa Ana",21970,"0 - 14",7693,35.02
1707,"Santa Ana",21970,"15 - 29",7159,32.59
1707,"Santa Ana",21970,"30 - 64",6053,27.55
1707,"Santa Ana",21970,"65 - 84",964,4.39
1707,"Santa Ana",21970,"85 o más",101,0.46
1708,"Dolores",26920,"0 - 14",9990,37.11
1708,"Dolores",26920,"15 - 29",8185,30.4
1708,"Dolores",26920,"30 - 64",7470,27.75
1708,"Dolores",26920,"65 - 84",1166,4.33
1708,"Dolores",26920,"85 o más",109,0.4
1709,"San Luis",67038,"0 - 14",24601,36.7
1709,"San Luis",67038,"15 - 29",21123,31.51
1709,"San Luis",67038,"30 - 64",18545,27.66
1709,"San Luis",67038,"65 - 84",2525,3.77
1709,"San Luis",67038,"85 o más",244,0.36
1710,"Sayaxché",93414,"0 - 14",37950,40.63
1710,"Sayaxché",93414,"15 - 29",28956,31
1710,"Sayaxché",93414,"30 - 64",23570,25.23
1710,"Sayaxché",93414,"65 - 84",2694,2.88
1710,"Sayaxché",93414,"85 o más",244,0.26
1711,"Melchor de Mencos",28238,"0 - 14",9601,34
1711,"Melchor de Mencos",28238,"15 - 29",8541,30.25
1711,"Melchor de Mencos",28238,"30 - 64",8603,30.47
1711,"Melchor de Mencos",28238,"65 - 84",1336,4.73
1711,"Melchor de Mencos",28238,"85 o más",157,0.56
1712,"Poptún",52282,"0 - 14",18343,35.08
1712,"Poptún",52282,"15 - 29",16231,31.05
1712,"Poptún",52282,"30 - 64",15437,29.53
1712,"Poptún",52282,"65 - 84",2038,3.9
1712,"Poptún",52282,"85 o más",233,0.45
1713,"Las Cruces",32715,"0 - 14",12544,38.34
1713,"Las Cruces",32715,"15 - 29",10179,31.11
1713,"Las Cruces",32715,"30 - 64",8697,26.58
1713,"Las Cruces",32715,"65 - 84",1186,3.63
1713,"Las Cruces",32715,"85 o más",109,0.33
1714,"El Chal",13819,"0 - 14",4904,35.49
1714,"El Chal",13819,"15 - 29",4431,32.06
1714,"El Chal",13819,"30 - 64",3859,27.93
1714,"El Chal",13819,"65 - 84",561,4.06
1714,"El Chal",13819,"85 o más",64,0.46
1801,"Puerto Barrios",100593,"0 - 14",27622,27.46
1801,"Puerto Barrios",100593,"15 - 29",30093,29.92
1801,"Puerto Barrios",100593,"30 - 64",36406,36.19
1801,"Puerto Barrios",100593,"65 - 84",5925,5.89
1801,"Puerto Barrios",100593,"85 o más",547,0.54
1802,"Livingston",73492,"0 - 14",27419,37.31
1802,"Livingston",73492,"15 - 29",22544,30.68
1802,"Livingston",73492,"30 - 64",20467,27.85
1802,"Livingston",73492,"65 - 84",2778,3.78
1802,"Livingston",73492,"85 o más",284,0.39
1803,"El Estor",73328,"0 - 14",30966,42.23
1803,"El Estor",73328,"15 - 29",21813,29.75
1803,"El Estor",73328,"30 - 64",18144,24.74
1803,"El Estor",73328,"65 - 84",2230,3.04
1803,"El Estor",73328,"85 o más",175,0.24
1804,"Morales",100361,"0 - 14",31765,31.65
1804,"Morales",100361,"15 - 29",30218,30.11
1804,"Morales",100361,"30 - 64",32074,31.96
1804,"Morales",100361,"65 - 84",5698,5.68
1804,"Morales",100361,"85 o más",606,0.6
1805,"Los Amates",60914,"0 - 14",20778,34.11
1805,"Los Amates",60914,"15 - 29",18257,29.97
1805,"Los Amates",60914,"30 - 64",18320,30.08
1805,"Los Amates",60914,"65 - 84",3157,5.18
1805,"Los Amates",60914,"85 o más",402,0.66
1901,"Zacapa",60424,"0 - 14",17127,28.34
1901,"Zacapa",60424,"15 - 29",17497,28.96
1901,"Zacapa",60424,"30 - 64",21290,35.23
1901,"Zacapa",60424,"65 - 84",4088,6.77
1901,"Zacapa",60424,"85 o más",422,0.7
1902,"Estanzuela",9797,"0 - 14",2432,24.82
1902,"Estanzuela",9797,"15 - 29",2878,29.38
1902,"Estanzuela",9797,"30 - 64",3659,37.35
1902,"Estanzuela",9797,"65 - 84",759,7.75
1902,"Estanzuela",9797,"85 o más",69,0.7
1903,"Río Hondo",21434,"0 - 14",5881,27.44
1903,"Río Hondo",21434,"15 - 29",6011,28.04
1903,"Río Hondo",21434,"30 - 64",7857,36.66
1903,"Río Hondo",21434,"65 - 84",1511,7.05
1903,"Río Hondo",21434,"85 o más",174,0.81
1904,"Gualán",45663,"0 - 14",14365,31.46
1904,"Gualán",45663,"15 - 29",13385,29.31
1904,"Gualán",45663,"30 - 64",14612,32
1904,"Gualán",45663,"65 - 84",2929,6.41
1904,"Gualán",45663,"85 o más",372,0.81
1905,"Teculután",17602,"0 - 14",5045,28.66
1905,"Teculután",17602,"15 - 29",5235,29.74
1905,"Teculután",17602,"30 - 64",6234,35.42
1905,"Teculután",17602,"65 - 84",994,5.65
1905,"Teculután",17602,"85 o más",94,0.53
1906,"Usumatlán",12232,"0 - 14",3834,31.34
1906,"Usumatlán",12232,"15 - 29",3694,30.2
1906,"Usumatlán",12232,"30 - 64",3960,32.37
1906,"Usumatlán",12232,"65 - 84",665,5.44
1906,"Usumatlán",12232,"85 o más",79,0.65
1907,"Cabañas",13641,"0 - 14",4324,31.7
1907,"Cabañas",13641,"15 - 29",4003,29.35
1907,"Cabañas",13641,"30 - 64",4280,31.38
1907,"Cabañas",13641,"65 - 84",905,6.63
1907,"Cabañas",13641,"85 o más",129,0.95
1908,"San Diego",7235,"0 - 14",2243,31
1908,"San Diego",7235,"15 - 29",2120,29.3
1908,"San Diego",7235,"30 - 64",2300,31.79
1908,"San Diego",7235,"65 - 84",502,6.94
1908,"San Diego",7235,"85 o más",70,0.97
1909,"La Unión",33572,"0 - 14",13377,39.85
1909,"La Unión",33572,"15 - 29",9981,29.73
1909,"La Unión",33572,"30 - 64",8774,26.13
1909,"La Unión",33572,"65 - 84",1294,3.85
1909,"La Unión",33572,"85 o más",146,0.43
1910,"Huité",11470,"0 - 14",4026,35.1
1910,"Huité",11470,"15 - 29",3423,29.84
1910,"Huité",11470,"30 - 64",3383,29.49
1910,"Huité",11470,"65 - 84",577,5.03
1910,"Huité",11470,"85 o más",61,0.53
1911,"San Jorge",12304,"0 - 14",3710,30.15
1911,"San Jorge",12304,"15 - 29",3584,29.13
1911,"San Jorge",12304,"30 - 64",4049,32.91
1911,"San Jorge",12304,"65 - 84",856,6.96
1911,"San Jorge",12304,"85 o más",105,0.85
2001,"Chiquimula",111505,"0 - 14",35971,32.26
2001,"Chiquimula",111505,"15 - 29",32431,29.08
2001,"Chiquimula",111505,"30 - 64",35941,32.23
2001,"Chiquimula",111505,"65 - 84",6374,5.72
2001,"Chiquimula",111505,"85 o más",788,0.71
2002,"San José la Arada",8756,"0 - 14",2561,29.25
2002,"San José la Arada",8756,"15 - 29",2493,28.47
2002,"San José la Arada",8756,"30 - 64",2900,33.12
2002,"San José la Arada",8756,"65 - 84",704,8.04
2002,"San José la Arada",8756,"85 o más",98,1.12
2003,"San Juan Ermita",16418,"0 - 14",5544,33.77
2003,"San Juan Ermita",16418,"15 - 29",4950,30.15
2003,"San Juan Ermita",16418,"30 - 64",4905,29.88
2003,"San Juan Ermita",16418,"65 - 84",905,5.51
2003,"San Juan Ermita",16418,"85 o más",114,0.69
2004,"Jocotán",66379,"0 - 14",28080,42.3
2004,"Jocotán",66379,"15 - 29",19264,29.02
2004,"Jocotán",66379,"30 - 64",16612,25.03
2004,"Jocotán",66379,"65 - 84",2226,3.35
2004,"Jocotán",66379,"85 o más",197,0.3
2005,"Camotán",56138,"0 - 14",23391,41.67
2005,"Camotán",56138,"15 - 29",16489,29.37
2005,"Camotán",56138,"30 - 64",14042,25.01
2005,"Camotán",56138,"65 - 84",2044,3.64
2005,"Camotán",56138,"85 o más",172,0.31
2006,"Olopa",27511,"0 - 14",11282,41.01
2006,"Olopa",27511,"15 - 29",7990,29.04
2006,"Olopa",27511,"30 - 64",7064,25.68
2006,"Olopa",27511,"65 - 84",1094,3.98
2006,"Olopa",27511,"85 o más",81,0.29
2007,"Esquipulas",53556,"0 - 14",17597,32.86
2007,"Esquipulas",53556,"15 - 29",16290,30.42
2007,"Esquipulas",53556,"30 - 64",16561,30.92
2007,"Esquipulas",53556,"65 - 84",2774,5.18
2007,"Esquipulas",53556,"85 o más",334,0.62
2008,"Concepción las Minas",11693,"0 - 14",3269,27.96
2008,"Concepción las Minas",11693,"15 - 29",3186,27.25
2008,"Concepción las Minas",11693,"30 - 64",4025,34.42
2008,"Concepción las Minas",11693,"65 - 84",1064,9.1
2008,"Concepción las Minas",11693,"85 o más",149,1.27
2009,"Quezaltepeque",28075,"0 - 14",8379,29.85
2009,"Quezaltepeque",28075,"15 - 29",8641,30.78
2009,"Quezaltepeque",28075,"30 - 64",8901,31.7
2009,"Quezaltepeque",28075,"65 - 84",1939,6.91
2009,"Quezaltepeque",28075,"85 o más",215,0.77
2010,"San Jacinto",12619,"0 - 14",3857,30.57
2010,"San Jacinto",12619,"15 - 29",3771,29.88
2010,"San Jacinto",12619,"30 - 64",4114,32.6
2010,"San Jacinto",12619,"65 - 84",785,6.22
2010,"San Jacinto",12619,"85 o más",92,0.73
2011,"Ipala",22413,"0 - 14",6143,27.41
2011,"Ipala",22413,"15 - 29",6525,29.11
2011,"Ipala",22413,"30 - 64",7766,34.65
2011,"Ipala",22413,"65 - 84",1768,7.89
2011,"Ipala",22413,"85 o más",211,0.94
2101,"Jalapa",159840,"0 - 14",59711,37.36
2101,"Jalapa",159840,"15 - 29",48231,30.17
2101,"Jalapa",159840,"30 - 64",44833,28.05
2101,"Jalapa",159840,"65 - 84",6393,4
2101,"Jalapa",159840,"85 o más",672,0.42
2102,"San Pedro Pinula",61908,"0 - 14",23995,38.76
2102,"San Pedro Pinula",61908,"15 - 29",18729,30.25
2102,"San Pedro Pinula",61908,"30 - 64",16226,26.21
2102,"San Pedro Pinula",61908,"65 - 84",2703,4.37
2102,"San Pedro Pinula",61908,"85 o más",255,0.41
2103,"San Luis Jilotepeque",24679,"0 - 14",6885,27.9
2103,"San Luis Jilotepeque",24679,"15 - 29",7470,30.27
2103,"San Luis Jilotepeque",24679,"30 - 64",8308,33.66
2103,"San Luis Jilotepeque",24679,"65 - 84",1804,7.31
2103,"San Luis Jilotepeque",24679,"85 o más",212,0.86
2104,"San Manuel Chaparrón",8317,"0 - 14",2323,27.93
2104,"San Manuel Chaparrón",8317,"15 - 29",2240,26.93
2104,"San Manuel Chaparrón",8317,"30 - 64",2969,35.7
2104,"San Manuel Chaparrón",8317,"65 - 84",707,8.5
2104,"San Manuel Chaparrón",8317,"85 o más",78,0.94
2105,"San Carlos Alzatate",18977,"0 - 14",7329,38.62
2105,"San Carlos Alzatate",18977,"15 - 29",5962,31.42
2105,"San Carlos Alzatate",18977,"30 - 64",4990,26.29
2105,"San Carlos Alzatate",18977,"65 - 84",644,3.39
2105,"San Carlos Alzatate",18977,"85 o más",52,0.27
2106,"Monjas",27354,"0 - 14",8276,30.26
2106,"Monjas",27354,"15 - 29",8296,30.33
2106,"Monjas",27354,"30 - 64",8799,32.17
2106,"Monjas",27354,"65 - 84",1762,6.44
2106,"Monjas",27354,"85 o más",221,0.81
2107,"Mataquescuintla",41848,"0 - 14",14255,34.06
2107,"Mataquescuintla",41848,"15 - 29",12624,30.17
2107,"Mataquescuintla",41848,"30 - 64",12690,30.32
2107,"Mataquescuintla",41848,"65 - 84",2039,4.87
2107,"Mataquescuintla",41848,"85 o más",240,0.57
2201,"Jutiapa",145880,"0 - 14",48370,33.16
2201,"Jutiapa",145880,"15 - 29",44824,30.73
2201,"Jutiapa",145880,"30 - 64",44457,30.48
2201,"Jutiapa",145880,"65 - 84",7425,5.09
2201,"Jutiapa",145880,"85 o más",804,0.55
2202,"El Progreso",22114,"0 - 14",6014,27.2
2202,"El Progreso",22114,"15 - 29",6237,28.2
2202,"El Progreso",22114,"30 - 64",7997,36.16
2202,"El Progreso",22114,"65 - 84",1660,7.51
2202,"El Progreso",22114,"85 o más",206,0.93
2203,"Santa Catarina Mita",28983,"0 - 14",8616,29.73
2203,"Santa Catarina Mita",28983,"15 - 29",7862,27.13
2203,"Santa Catarina Mita",28983,"30 - 64",10152,35.03
2203,"Santa Catarina Mita",28983,"65 - 84",2050,7.07
2203,"Santa Catarina Mita",28983,"85 o más",303,1.05
2204,"Agua Blanca",16353,"0 - 14",4390,26.85
2204,"Agua Blanca",16353,"15 - 29",4465,27.3
2204,"Agua Blanca",16353,"30 - 64",5767,35.27
2204,"Agua Blanca",16353,"65 - 84",1535,9.39
2204,"Agua Blanca",16353,"85 o más",196,1.2
2205,"Asunción Mita",48297,"0 - 14",13033,26.99
2205,"Asunción Mita",48297,"15 - 29",13725,28.42
2205,"Asunción Mita",48297,"30 - 64",17071,35.35
2205,"Asunción Mita",48297,"65 - 84",3938,8.15
2205,"Asunción Mita",48297,"85 o más",530,1.1
2206,"Yupiltepeque",17389,"0 - 14",5396,31.03
2206,"Yupiltepeque",17389,"15 - 29",5469,31.45
2206,"Yupiltepeque",17389,"30 - 64",5370,30.88
2206,"Yupiltepeque",17389,"65 - 84",1034,5.95
2206,"Yupiltepeque",17389,"85 o más",120,0.69
2207,"Atescatempa",18402,"0 - 14",4963,26.97
2207,"Atescatempa",18402,"15 - 29",5180,28.15
2207,"Atescatempa",18402,"30 - 64",6616,35.95
2207,"Atescatempa",18402,"65 - 84",1461,7.94
2207,"Atescatempa",18402,"85 o más",182,0.99
2208,"Jerez",6309,"0 - 14",1688,26.76
2208,"Jerez",6309,"15 - 29",1647,26.11
2208,"Jerez",6309,"30 - 64",2280,36.14
2208,"Jerez",6309,"65 - 84",629,9.97
2208,"Jerez",6309,"85 o más",65,1.03
2209,"El Adelanto",6500,"0 - 14",2000,30.77
2209,"El Adelanto",6500,"15 - 29",1974,30.37
2209,"El Adelanto",6500,"30 - 64",2039,31.37
2209,"El Adelanto",6500,"65 - 84",446,6.86
2209,"El Adelanto",6500,"85 o más",41,0.63
2210,"Zapotitlán",9126,"0 - 14",2910,31.89
2210,"Zapotitlán",9126,"15 - 29",2719,29.79
2210,"Zapotitlán",9126,"30 - 64",2837,31.09
2210,"Zapotitlán",9126,"65 - 84",608,6.66
2210,"Zapotitlán",9126,"85 o más",52,0.57
2211,"Comapa",32207,"0 - 14",11660,36.2
2211,"Comapa",32207,"15 - 29",9411,29.22
2211,"Comapa",32207,"30 - 64",9230,28.66
2211,"Comapa",32207,"65 - 84",1725,5.36
2211,"Comapa",32207,"85 o más",181,0.56
2212,"Jalpatagua",28832,"0 - 14",8967,31.1
2212,"Jalpatagua",28832,"15 - 29",8333,28.9
2212,"Jalpatagua",28832,"30 - 64",9572,33.2
2212,"Jalpatagua",28832,"65 - 84",1774,6.15
2212,"Jalpatagua",28832,"85 o más",186,0.65
2213,"Conguaco",23452,"0 - 14",9392,40.05
2213,"Conguaco",23452,"15 - 29",6936,29.58
2213,"Conguaco",23452,"30 - 64",6087,25.96
2213,"Conguaco",23452,"65 - 84",948,4.04
2213,"Conguaco",23452,"85 o más",89,0.38
2214,"Moyuta",39781,"0 - 14",13371,33.61
2214,"Moyuta",39781,"15 - 29",11379,28.6
2214,"Moyuta",39781,"30 - 64",12404,31.18
2214,"Moyuta",39781,"65 - 84",2358,5.93
2214,"Moyuta",39781,"85 o más",269,0.68
2215,"Pasaco",8854,"0 - 14",2898,32.73
2215,"Pasaco",8854,"15 - 29",2378,26.86
2215,"Pasaco",8854,"30 - 64",2886,32.6
2215,"Pasaco",8854,"65 - 84",626,7.07
2215,"Pasaco",8854,"85 o más",66,0.75
2216,"San José Acatempa",13206,"0 - 14",3598,27.25
2216,"San José Acatempa",13206,"15 - 29",3824,28.96
2216,"San José Acatempa",13206,"30 - 64",4813,36.45
2216,"San José Acatempa",13206,"65 - 84",881,6.67
2216,"San José Acatempa",13206,"85 o más",90,0.68
2217,"Quesada",22710,"0 - 14",6901,30.39
2217,"Quesada",22710,"15 - 29",6646,29.26
2217,"Quesada",22710,"30 - 64",7505,33.05
2217,"Quesada",22710,"65 - 84",1471,6.48
2217,"Quesada",22710,"85 o más",187,0.82
