"Código","Municipio","Población Económicamente Activa","Situación Laboral","Personas","Porcentaje de Economicamente Activa"
101,"Guatemala",438993,"Población ocupada",423574,103.64
101,"Guatemala",438993,"Cesante",10984,3996.66
101,"Guatemala",438993,"Aspirante",4260,10305
102,"Santa Catarina Pinula",37411,"Población ocupada",36193,103.37
102,"Santa Catarina Pinula",37411,"Cesante",905,4133.81
102,"Santa Catarina Pinula",37411,"Aspirante",295,12681.69
103,"San José Pinula",34826,"Población ocupada",33820,102.97
103,"San José Pinula",34826,"Cesante",767,4540.55
103,"San José Pinula",34826,"Aspirante",215,16198.14
104,"San José del Golfo",2569,"Población ocupada",2478,103.67
104,"San José del Golfo",2569,"Cesante",56,4587.5
104,"San José del Golfo",2569,"Aspirante",35,7340
105,"Palencia",26243,"Población ocupada",25636,102.37
105,"Palencia",26243,"Cesante",387,6781.14
105,"Palencia",26243,"Aspirante",197,13321.32
106,"Chinautla",48439,"Población ocupada",46674,103.78
106,"Chinautla",48439,"Cesante",1111,4359.95
106,"Chinautla",48439,"Aspirante",630,7688.73
107,"San Pedro Ayampuc",22786,"Población ocupada",22090,103.15
107,"San Pedro Ayampuc",22786,"Cesante",363,6277.13
107,"San Pedro Ayampuc",22786,"Aspirante",313,7279.87
108,"Mixco",220550,"Población ocupada",213518,103.29
108,"Mixco",220550,"Cesante",5250,4200.95
108,"Mixco",220550,"Aspirante",1709,12905.21
109,"San Pedro Sacatepéquez",23490,"Población ocupada",23096,101.71
109,"San Pedro Sacatepéquez",23490,"Cesante",296,7935.81
109,"San Pedro Sacatepéquez",23490,"Aspirante",81,29000
110,"San Juan Sacatepéquez",84320,"Población ocupada",82166,102.62
110,"San Juan Sacatepéquez",84320,"Cesante",1389,6070.55
110,"San Juan Sacatepéquez",84320,"Aspirante",672,12547.62
111,"San Raymundo",11950,"Población ocupada",11693,102.2
111,"San Raymundo",11950,"Cesante",160,7468.75
111,"San Raymundo",11950,"Aspirante",91,13131.87
112,"Chuarrancho",3879,"Población ocupada",3836,101.12
112,"Chuarrancho",3879,"Cesante",23,16865.22
112,"Chuarrancho",3879,"Aspirante",17,22817.65
113,"Fraijanes",28266,"Población ocupada",27619,102.34
113,"Fraijanes",28266,"Cesante",469,6026.87
113,"Fraijanes",28266,"Aspirante",164,17235.37
114,"Amatitlán",47384,"Población ocupada",45399,104.37
114,"Amatitlán",47384,"Cesante",1358,3489.25
114,"Amatitlán",47384,"Aspirante",609,7780.62
115,"Villa Nueva",188962,"Población ocupada",181059,104.36
115,"Villa Nueva",188962,"Cesante",5572,3391.28
115,"Villa Nueva",188962,"Aspirante",2239,8439.57
116,"Villa Canales",63276,"Población ocupada",60989,103.75
116,"Villa Canales",63276,"Cesante",1552,4077.06
116,"Villa Canales",63276,"Aspirante",681,9291.63
117,"San Miguel Petapa",60995,"Población ocupada",58780,103.77
117,"San Miguel Petapa",60995,"Cesante",1463,4169.17
117,"San Miguel Petapa",60995,"Aspirante",717,8506.97
201,"Guastatoya",10106,"Población ocupada",9857,102.53
201,"Guastatoya",10106,"Cesante",140,7218.57
201,"Guastatoya",10106,"Aspirante",99,10208.08
202,"Morazán",4178,"Población ocupada",4019,103.96
202,"Morazán",4178,"Cesante",78,5356.41
202,"Morazán",4178,"Aspirante",72,5802.78
203,"San Agustín Acasaguastlán",14335,"Población ocupada",13628,105.19
203,"San Agustín Acasaguastlán",14335,"Cesante",337,4253.71
203,"San Agustín Acasaguastlán",14335,"Aspirante",348,4119.25
204,"San Cristóbal Acasaguastlán",2176,"Población ocupada",2094,103.92
204,"San Cristóbal Acasaguastlán",2176,"Cesante",42,5180.95
204,"San Cristóbal Acasaguastlán",2176,"Aspirante",35,6217.14
205,"El Jícaro",4435,"Población ocupada",4207,105.42
205,"El Jícaro",4435,"Cesante",132,3359.85
205,"El Jícaro",4435,"Aspirante",92,4820.65
206,"Sansare",4213,"Población ocupada",4120,102.26
206,"Sansare",4213,"Cesante",20,21065
206,"Sansare",4213,"Aspirante",71,5933.8
207,"Sanarate",15213,"Población ocupada",14791,102.85
207,"Sanarate",15213,"Cesante",290,5245.86
207,"Sanarate",15213,"Aspirante",111,13705.41
208,"San Antonio la Paz",7436,"Población ocupada",7196,103.34
208,"San Antonio la Paz",7436,"Cesante",129,5764.34
208,"San Antonio la Paz",7436,"Aspirante",109,6822.02
301,"Antigua Guatemala",21222,"Población ocupada",20544,103.3
301,"Antigua Guatemala",21222,"Cesante",523,4057.74
301,"Antigua Guatemala",21222,"Aspirante",145,14635.86
302,"Jocotenango",10292,"Población ocupada",9847,104.52
302,"Jocotenango",10292,"Cesante",341,3018.18
302,"Jocotenango",10292,"Aspirante",100,10292
303,"Pastores",7055,"Población ocupada",6789,103.92
303,"Pastores",7055,"Cesante",211,3343.6
303,"Pastores",7055,"Aspirante",52,13567.31
304,"Sumpango",14885,"Población ocupada",14673,101.44
304,"Sumpango",14885,"Cesante",142,10482.39
304,"Sumpango",14885,"Aspirante",57,26114.04
305,"Santo Domingo Xenacoj",5701,"Población ocupada",5615,101.53
305,"Santo Domingo Xenacoj",5701,"Cesante",64,8907.81
305,"Santo Domingo Xenacoj",5701,"Aspirante",19,30005.26
306,"Santiago Sacatepéquez",13469,"Población ocupada",13302,101.26
306,"Santiago Sacatepéquez",13469,"Cesante",93,14482.8
306,"Santiago Sacatepéquez",13469,"Aspirante",64,21045.31
307,"San Bartolomé Milpas Altas",3513,"Población ocupada",3453,101.74
307,"San Bartolomé Milpas Altas",3513,"Cesante",39,9007.69
307,"San Bartolomé Milpas Altas",3513,"Aspirante",20,17565
308,"San Lucas Sacatepéquez",10680,"Población ocupada",10452,102.18
308,"San Lucas Sacatepéquez",10680,"Cesante",167,6395.21
308,"San Lucas Sacatepéquez",10680,"Aspirante",57,18736.84
309,"Santa Lucía Milpas Altas",7095,"Población ocupada",6956,102
309,"Santa Lucía Milpas Altas",7095,"Cesante",110,6450
309,"Santa Lucía Milpas Altas",7095,"Aspirante",26,27288.46
310,"Magdalena Milpas Altas",4691,"Población ocupada",4630,101.32
310,"Magdalena Milpas Altas",4691,"Cesante",41,11441.46
310,"Magdalena Milpas Altas",4691,"Aspirante",19,24689.47
311,"Santa María de Jesús",8735,"Población ocupada",8682,100.61
311,"Santa María de Jesús",8735,"Cesante",27,32351.85
311,"Santa María de Jesús",8735,"Aspirante",22,39704.55
312,"Ciudad Vieja",14540,"Población ocupada",14205,102.36
312,"Ciudad Vieja",14540,"Cesante",246,5910.57
312,"Ciudad Vieja",14540,"Aspirante",81,17950.62
313,"San Miguel Dueñas",5379,"Población ocupada",5201,103.42
313,"San Miguel Dueñas",5379,"Cesante",154,3492.86
313,"San Miguel Dueñas",5379,"Aspirante",20,26895
314,"San Juan Alotenango",9012,"Población ocupada",8683,103.79
314,"San Juan Alotenango",9012,"Cesante",251,3590.44
314,"San Juan Alotenango",9012,"Aspirante",73,12345.21
315,"San Antonio Aguas Calientes",5506,"Población ocupada",5455,100.93
315,"San Antonio Aguas Calientes",5506,"Cesante",36,15294.44
315,"San Antonio Aguas Calientes",5506,"Aspirante",15,36706.67
316,"Santa Catarina Barahona",2133,"Población ocupada",2111,101.04
316,"Santa Catarina Barahona",2133,"Cesante",19,11226.32
316,"Santa Catarina Barahona",2133,"Aspirante",3,71100
401,"Chimaltenango",39694,"Población ocupada",38420,103.32
401,"Chimaltenango",39694,"Cesante",1029,3857.53
401,"Chimaltenango",39694,"Aspirante",211,18812.32
402,"San José Poaquil",9798,"Población ocupada",9758,100.41
402,"San José Poaquil",9798,"Cesante",12,81650
402,"San José Poaquil",9798,"Aspirante",23,42600
403,"San Martín Jilotepeque",17175,"Población ocupada",16936,101.41
403,"San Martín Jilotepeque",17175,"Cesante",130,13211.54
403,"San Martín Jilotepeque",17175,"Aspirante",93,18467.74
404,"San Juan Comalapa",22117,"Población ocupada",22044,100.33
404,"San Juan Comalapa",22117,"Cesante",41,53943.9
404,"San Juan Comalapa",22117,"Aspirante",24,92154.17
405,"Santa Apolonia",5865,"Población ocupada",5784,101.4
405,"Santa Apolonia",5865,"Cesante",40,14662.5
405,"Santa Apolonia",5865,"Aspirante",26,22557.69
406,"Tecpán Guatemala",30466,"Población ocupada",30246,100.73
406,"Tecpán Guatemala",30466,"Cesante",115,26492.17
406,"Tecpán Guatemala",30466,"Aspirante",72,42313.89
407,"Patzún",22949,"Población ocupada",22671,101.23
407,"Patzún",22949,"Cesante",143,16048.25
407,"Patzún",22949,"Aspirante",121,18966.12
408,"San Miguel Pochuta",2664,"Población ocupada",2577,103.38
408,"San Miguel Pochuta",2664,"Cesante",54,4933.33
408,"San Miguel Pochuta",2664,"Aspirante",31,8593.55
409,"Patzicía",13296,"Población ocupada",13235,100.46
409,"Patzicía",13296,"Cesante",38,34989.47
409,"Patzicía",13296,"Aspirante",17,78211.76
410,"Santa Cruz Balanyá",4185,"Población ocupada",4180,100.12
410,"Santa Cruz Balanyá",4185,"Cesante",3,139500
410,"Santa Cruz Balanyá",4185,"Aspirante",2,209250
411,"Acatenango",6853,"Población ocupada",6732,101.8
411,"Acatenango",6853,"Cesante",64,10707.81
411,"Acatenango",6853,"Aspirante",42,16316.67
412,"San Pedro Yepocapa",10972,"Población ocupada",10794,101.65
412,"San Pedro Yepocapa",10972,"Cesante",116,9458.62
412,"San Pedro Yepocapa",10972,"Aspirante",54,20318.52
413,"San Andrés Itzapa",12120,"Población ocupada",11954,101.39
413,"San Andrés Itzapa",12120,"Cesante",111,10918.92
413,"San Andrés Itzapa",12120,"Aspirante",49,24734.69
414,"Parramos",5600,"Población ocupada",5503,101.76
414,"Parramos",5600,"Cesante",80,7000
414,"Parramos",5600,"Aspirante",14,40000
415,"Zaragoza",9157,"Población ocupada",9024,101.47
415,"Zaragoza",9157,"Cesante",99,9249.49
415,"Zaragoza",9157,"Aspirante",32,28615.62
416,"El Tejar",7974,"Población ocupada",7683,103.79
416,"El Tejar",7974,"Cesante",236,3378.81
416,"El Tejar",7974,"Aspirante",51,15635.29
501,"Escuintla",60312,"Población ocupada",56708,106.36
501,"Escuintla",60312,"Cesante",2607,2313.46
501,"Escuintla",60312,"Aspirante",940,6416.17
502,"Santa Lucía Cotzumalguapa",33995,"Población ocupada",32123,105.83
502,"Santa Lucía Cotzumalguapa",33995,"Cesante",1443,2355.86
502,"Santa Lucía Cotzumalguapa",33995,"Aspirante",393,8650.13
503,"La Democracia",6709,"Población ocupada",6144,109.2
503,"La Democracia",6709,"Cesante",485,1383.3
503,"La Democracia",6709,"Aspirante",77,8712.99
504,"Siquinalá",7384,"Población ocupada",7032,105.01
504,"Siquinalá",7384,"Cesante",258,2862.02
504,"Siquinalá",7384,"Aspirante",85,8687.06
505,"Masagua",11485,"Población ocupada",10524,109.13
505,"Masagua",11485,"Cesante",696,1650.14
505,"Masagua",11485,"Aspirante",247,4649.8
506,"Tiquisate",20837,"Población ocupada",20227,103.02
506,"Tiquisate",20837,"Cesante",406,5132.27
506,"Tiquisate",20837,"Aspirante",194,10740.72
507,"La Gomera",14247,"Población ocupada",13332,106.86
507,"La Gomera",14247,"Cesante",683,2085.94
507,"La Gomera",14247,"Aspirante",221,6446.61
508,"Guanagazapa",3381,"Población ocupada",3121,108.33
508,"Guanagazapa",3381,"Cesante",99,3415.15
508,"Guanagazapa",3381,"Aspirante",161,2100
509,"San José",22775,"Población ocupada",21673,105.08
509,"San José",22775,"Cesante",813,2801.35
509,"San José",22775,"Aspirante",262,8692.75
510,"Iztapa",5334,"Población ocupada",5041,105.81
510,"Iztapa",5334,"Cesante",150,3556
510,"Iztapa",5334,"Aspirante",132,4040.91
511,"Palín",25967,"Población ocupada",24866,104.43
511,"Palín",25967,"Cesante",776,3346.26
511,"Palín",25967,"Aspirante",296,8772.64
512,"San Vicente Pacaya",5851,"Población ocupada",5638,103.78
512,"San Vicente Pacaya",5851,"Cesante",106,5519.81
512,"San Vicente Pacaya",5851,"Aspirante",104,5625.96
513,"Nueva Concepción",24030,"Población ocupada",23192,103.61
513,"Nueva Concepción",24030,"Cesante",578,4157.44
513,"Nueva Concepción",24030,"Aspirante",222,10824.32
514,"Sipacate",5444,"Población ocupada",5122,106.29
514,"Sipacate",5444,"Cesante",252,2160.32
514,"Sipacate",5444,"Aspirante",63,8641.27
601,"Cuilapa",15013,"Población ocupada",14316,104.87
601,"Cuilapa",15013,"Cesante",435,3451.26
601,"Cuilapa",15013,"Aspirante",240,6255.42
602,"Barberena",21696,"Población ocupada",20808,104.27
602,"Barberena",21696,"Cesante",606,3580.2
602,"Barberena",21696,"Aspirante",260,8344.62
603,"Santa Rosa de Lima",6545,"Población ocupada",6393,102.38
603,"Santa Rosa de Lima",6545,"Cesante",117,5594.02
603,"Santa Rosa de Lima",6545,"Aspirante",31,21112.9
604,"Casillas",7604,"Población ocupada",7421,102.47
604,"Casillas",7604,"Cesante",105,7241.9
604,"Casillas",7604,"Aspirante",71,10709.86
605,"San Rafael las Flores",3808,"Población ocupada",3754,101.44
605,"San Rafael las Flores",3808,"Cesante",34,11200
605,"San Rafael las Flores",3808,"Aspirante",19,20042.11
606,"Oratorio",8167,"Población ocupada",7948,102.76
606,"Oratorio",8167,"Cesante",118,6921.19
606,"Oratorio",8167,"Aspirante",94,8688.3
607,"San Juan Tecuaco",3181,"Población ocupada",3132,101.56
607,"San Juan Tecuaco",3181,"Cesante",10,31810
607,"San Juan Tecuaco",3181,"Aspirante",38,8371.05
608,"Chiquimulilla",17819,"Población ocupada",17190,103.66
608,"Chiquimulilla",17819,"Cesante",456,3907.68
608,"Chiquimulilla",17819,"Aspirante",154,11570.78
609,"Taxisco",9703,"Población ocupada",9313,104.19
609,"Taxisco",9703,"Cesante",281,3453.02
609,"Taxisco",9703,"Aspirante",98,9901.02
610,"Santa María Ixhuatán",8102,"Población ocupada",7974,101.61
610,"Santa María Ixhuatán",8102,"Cesante",31,26135.48
610,"Santa María Ixhuatán",8102,"Aspirante",91,8903.3
611,"Guazacapán",6801,"Población ocupada",6642,102.39
611,"Guazacapán",6801,"Cesante",57,11931.58
611,"Guazacapán",6801,"Aspirante",100,6801
612,"Santa Cruz Naranjo",5985,"Población ocupada",5835,102.57
612,"Santa Cruz Naranjo",5985,"Cesante",64,9351.56
612,"Santa Cruz Naranjo",5985,"Aspirante",81,7388.89
613,"Pueblo Nuevo Viñas",8896,"Población ocupada",8660,102.73
613,"Pueblo Nuevo Viñas",8896,"Cesante",152,5852.63
613,"Pueblo Nuevo Viñas",8896,"Aspirante",65,13686.15
614,"Nueva Santa Rosa",12458,"Población ocupada",12252,101.68
614,"Nueva Santa Rosa",12458,"Cesante",141,8835.46
614,"Nueva Santa Rosa",12458,"Aspirante",62,20093.55
701,"Sololá",33224,"Población ocupada",32973,100.76
701,"Sololá",33224,"Cesante",120,27686.67
701,"Sololá",33224,"Aspirante",110,30203.64
702,"San José Chacayá",1419,"Población ocupada",1408,100.78
702,"San José Chacayá",1419,"Cesante",3,47300
702,"San José Chacayá",1419,"Aspirante",7,20271.43
703,"Santa María Visitación",770,"Población ocupada",757,101.72
703,"Santa María Visitación",770,"Cesante",2,38500
703,"Santa María Visitación",770,"Aspirante",11,7000
704,"Santa Lucía Utatlán",6865,"Población ocupada",6778,101.28
704,"Santa Lucía Utatlán",6865,"Cesante",43,15965.12
704,"Santa Lucía Utatlán",6865,"Aspirante",36,19069.44
705,"Nahualá",20685,"Población ocupada",20357,101.61
705,"Nahualá",20685,"Cesante",174,11887.93
705,"Nahualá",20685,"Aspirante",125,16548
706,"Santa Catarina Ixtahuacán",12886,"Población ocupada",12487,103.2
706,"Santa Catarina Ixtahuacán",12886,"Cesante",125,10308.8
706,"Santa Catarina Ixtahuacán",12886,"Aspirante",241,5346.89
707,"Santa Clara la Laguna",3331,"Población ocupada",3285,101.4
707,"Santa Clara la Laguna",3331,"Cesante",19,17531.58
707,"Santa Clara la Laguna",3331,"Aspirante",22,15140.91
708,"Concepción",2209,"Población ocupada",2082,106.1
708,"Concepción",2209,"Cesante",10,22090
708,"Concepción",2209,"Aspirante",89,2482.02
709,"San Andrés Semetabaj",4954,"Población ocupada",4934,100.41
709,"San Andrés Semetabaj",4954,"Cesante",10,49540
709,"San Andrés Semetabaj",4954,"Aspirante",8,61925
710,"Panajachel",6935,"Población ocupada",6836,101.45
710,"Panajachel",6935,"Cesante",61,11368.85
710,"Panajachel",6935,"Aspirante",37,18743.24
711,"Santa Catarina Palopó",1316,"Población ocupada",1252,105.11
711,"Santa Catarina Palopó",1316,"Cesante",49,2685.71
711,"Santa Catarina Palopó",1316,"Aspirante",8,16450
712,"San Antonio Palopó",3991,"Población ocupada",3920,101.81
712,"San Antonio Palopó",3991,"Cesante",30,13303.33
712,"San Antonio Palopó",3991,"Aspirante",38,10502.63
713,"San Lucas Tolimán",10613,"Población ocupada",10425,101.8
713,"San Lucas Tolimán",10613,"Cesante",74,14341.89
713,"San Lucas Tolimán",10613,"Aspirante",109,9736.7
714,"Santa Cruz la Laguna",1698,"Población ocupada",1692,100.35
714,"Santa Cruz la Laguna",1698,"Cesante",1,169800
714,"Santa Cruz la Laguna",1698,"Aspirante",2,84900
715,"San Pablo la Laguna",2602,"Población ocupada",2523,103.13
715,"San Pablo la Laguna",2602,"Cesante",22,11827.27
715,"San Pablo la Laguna",2602,"Aspirante",50,5204
716,"San Marcos la Laguna",1134,"Población ocupada",1104,102.72
716,"San Marcos la Laguna",1134,"Cesante",30,3780
716,"San Marcos la Laguna",1134,"Aspirante",0,Inf
717,"San Juan la Laguna",5169,"Población ocupada",5132,100.72
717,"San Juan la Laguna",5169,"Cesante",12,43075
717,"San Juan la Laguna",5169,"Aspirante",21,24614.29
718,"San Pedro la Laguna",4363,"Población ocupada",4275,102.06
718,"San Pedro la Laguna",4363,"Cesante",27,16159.26
718,"San Pedro la Laguna",4363,"Aspirante",57,7654.39
719,"Santiago Atitlán",20581,"Población ocupada",20450,100.64
719,"Santiago Atitlán",20581,"Cesante",94,21894.68
719,"Santiago Atitlán",20581,"Aspirante",27,76225.93
801,"Totonicapán",41863,"Población ocupada",41202,101.6
801,"Totonicapán",41863,"Cesante",358,11693.58
801,"Totonicapán",41863,"Aspirante",288,14535.76
802,"San Cristóbal Totonicapán",13112,"Población ocupada",12943,101.31
802,"San Cristóbal Totonicapán",13112,"Cesante",107,12254.21
802,"San Cristóbal Totonicapán",13112,"Aspirante",50,26224
803,"San Francisco el Alto",19043,"Población ocupada",18567,102.56
803,"San Francisco el Alto",19043,"Cesante",286,6658.39
803,"San Francisco el Alto",19043,"Aspirante",143,13316.78
804,"San Andrés Xecul",9020,"Población ocupada",8795,102.56
804,"San Andrés Xecul",9020,"Cesante",143,6307.69
804,"San Andrés Xecul",9020,"Aspirante",61,14786.89
805,"Momostenango",32144,"Población ocupada",31828,100.99
805,"Momostenango",32144,"Cesante",109,29489.91
805,"Momostenango",32144,"Aspirante",156,20605.13
806,"Santa María Chiquimula",19026,"Población ocupada",18790,101.26
806,"Santa María Chiquimula",19026,"Cesante",43,44246.51
806,"Santa María Chiquimula",19026,"Aspirante",140,13590
807,"Santa Lucía la Reforma",5896,"Población ocupada",5691,103.6
807,"Santa Lucía la Reforma",5896,"Cesante",19,31031.58
807,"Santa Lucía la Reforma",5896,"Aspirante",137,4303.65
808,"San Bartolo Aguas Calientes",2958,"Población ocupada",2939,100.65
808,"San Bartolo Aguas Calientes",2958,"Cesante",8,36975
808,"San Bartolo Aguas Calientes",2958,"Aspirante",10,29580
901,"Quetzaltenango",79458,"Población ocupada",77698,102.27
901,"Quetzaltenango",79458,"Cesante",1195,6649.21
901,"Quetzaltenango",79458,"Aspirante",524,15163.74
902,"Salcajá",8296,"Población ocupada",8187,101.33
902,"Salcajá",8296,"Cesante",62,13380.65
902,"Salcajá",8296,"Aspirante",41,20234.15
903,"San Juan Olintepeque",13657,"Población ocupada",13452,101.52
903,"San Juan Olintepeque",13657,"Cesante",124,11013.71
903,"San Juan Olintepeque",13657,"Aspirante",76,17969.74
904,"San Carlos Sija",6733,"Población ocupada",6377,105.58
904,"San Carlos Sija",6733,"Cesante",155,4343.87
904,"San Carlos Sija",6733,"Aspirante",183,3679.23
905,"Sibilia",2255,"Población ocupada",2208,102.13
905,"Sibilia",2255,"Cesante",11,20500
905,"Sibilia",2255,"Aspirante",34,6632.35
906,"Cabricán",3090,"Población ocupada",3050,101.31
906,"Cabricán",3090,"Cesante",4,77250
906,"Cabricán",3090,"Aspirante",21,14714.29
907,"Cajolá",2849,"Población ocupada",2753,103.49
907,"Cajolá",2849,"Cesante",84,3391.67
907,"Cajolá",2849,"Aspirante",2,142450
908,"San Miguel Siguilá",2019,"Población ocupada",2009,100.5
908,"San Miguel Siguilá",2019,"Cesante",5,40380
908,"San Miguel Siguilá",2019,"Aspirante",4,50475
909,"San Juan Ostuncalco",15932,"Población ocupada",15656,101.76
909,"San Juan Ostuncalco",15932,"Cesante",136,11714.71
909,"San Juan Ostuncalco",15932,"Aspirante",102,15619.61
910,"San Mateo",3139,"Población ocupada",3057,102.68
910,"San Mateo",3139,"Cesante",55,5707.27
910,"San Mateo",3139,"Aspirante",24,13079.17
911,"Concepción Chiquirichapa",5440,"Población ocupada",5428,100.22
911,"Concepción Chiquirichapa",5440,"Cesante",4,136000
911,"Concepción Chiquirichapa",5440,"Aspirante",6,90666.67
912,"San Martín Sacatepéquez",9925,"Población ocupada",9855,100.71
912,"San Martín Sacatepéquez",9925,"Cesante",33,30075.76
912,"San Martín Sacatepéquez",9925,"Aspirante",26,38173.08
913,"Almolonga",5762,"Población ocupada",5668,101.66
913,"Almolonga",5762,"Cesante",17,33894.12
913,"Almolonga",5762,"Aspirante",67,8600
914,"Cantel",18871,"Población ocupada",18707,100.88
914,"Cantel",18871,"Cesante",89,21203.37
914,"Cantel",18871,"Aspirante",64,29485.94
915,"Huitán",2634,"Población ocupada",2499,105.4
915,"Huitán",2634,"Cesante",115,2290.43
915,"Huitán",2634,"Aspirante",8,32925
916,"Zunil",6090,"Población ocupada",6057,100.54
916,"Zunil",6090,"Cesante",25,24360
916,"Zunil",6090,"Aspirante",6,101500
917,"Colomba Costa Cuca",14945,"Población ocupada",14640,102.08
917,"Colomba Costa Cuca",14945,"Cesante",189,7907.41
917,"Colomba Costa Cuca",14945,"Aspirante",109,13711.01
918,"San Francisco la Unión",1928,"Población ocupada",1891,101.96
918,"San Francisco la Unión",1928,"Cesante",20,9640
918,"San Francisco la Unión",1928,"Aspirante",15,12853.33
919,"El Palmar",8801,"Población ocupada",8422,104.5
919,"El Palmar",8801,"Cesante",191,4607.85
919,"El Palmar",8801,"Aspirante",176,5000.57
920,"Coatepeque",36094,"Población ocupada",35236,102.44
920,"Coatepeque",36094,"Cesante",542,6659.41
920,"Coatepeque",36094,"Aspirante",289,12489.27
921,"Génova",9183,"Población ocupada",8918,102.97
921,"Génova",9183,"Cesante",29,31665.52
921,"Génova",9183,"Aspirante",223,4117.94
922,"Flores Costa Cuca",6615,"Población ocupada",6456,102.46
922,"Flores Costa Cuca",6615,"Cesante",111,5959.46
922,"Flores Costa Cuca",6615,"Aspirante",38,17407.89
923,"La Esperanza",8760,"Población ocupada",8555,102.4
923,"La Esperanza",8760,"Cesante",162,5407.41
923,"La Esperanza",8760,"Aspirante",39,22461.54
924,"Palestina de los Altos",3425,"Población ocupada",3402,100.68
924,"Palestina de los Altos",3425,"Cesante",5,68500
924,"Palestina de los Altos",3425,"Aspirante",10,34250
1001,"Mazatenango",29804,"Población ocupada",28803,103.48
1001,"Mazatenango",29804,"Cesante",630,4730.79
1001,"Mazatenango",29804,"Aspirante",345,8638.84
1002,"Cuyotenango",11620,"Población ocupada",11257,103.22
1002,"Cuyotenango",11620,"Cesante",252,4611.11
1002,"Cuyotenango",11620,"Aspirante",103,11281.55
1003,"San Francisco Zapotitlán",8512,"Población ocupada",8262,103.03
1003,"San Francisco Zapotitlán",8512,"Cesante",135,6305.19
1003,"San Francisco Zapotitlán",8512,"Aspirante",109,7809.17
1004,"San Bernardino",5026,"Población ocupada",4789,104.95
1004,"San Bernardino",5026,"Cesante",115,4370.43
1004,"San Bernardino",5026,"Aspirante",111,4527.93
1005,"San José el Ídolo",2650,"Población ocupada",2525,104.95
1005,"San José el Ídolo",2650,"Cesante",85,3117.65
1005,"San José el Ídolo",2650,"Aspirante",33,8030.3
1006,"Santo Domingo Suchitepéquez",11426,"Población ocupada",10915,104.68
1006,"Santo Domingo Suchitepéquez",11426,"Cesante",361,3165.1
1006,"Santo Domingo Suchitepéquez",11426,"Aspirante",131,8722.14
1007,"San Lorenzo",4086,"Población ocupada",3931,103.94
1007,"San Lorenzo",4086,"Cesante",61,6698.36
1007,"San Lorenzo",4086,"Aspirante",92,4441.3
1008,"Samayac",9654,"Población ocupada",9463,102.02
1008,"Samayac",9654,"Cesante",115,8394.78
1008,"Samayac",9654,"Aspirante",69,13991.3
1009,"San Pablo Jocopilas",7220,"Población ocupada",6895,104.71
1009,"San Pablo Jocopilas",7220,"Cesante",158,4569.62
1009,"San Pablo Jocopilas",7220,"Aspirante",139,5194.24
1010,"San Antonio Suchitepéquez",18002,"Población ocupada",17308,104.01
1010,"San Antonio Suchitepéquez",18002,"Cesante",493,3651.52
1010,"San Antonio Suchitepéquez",18002,"Aspirante",178,10113.48
1011,"San Miguel Panán",2661,"Población ocupada",2509,106.06
1011,"San Miguel Panán",2661,"Cesante",124,2145.97
1011,"San Miguel Panán",2661,"Aspirante",26,10234.62
1012,"San Gabriel",3019,"Población ocupada",2968,101.72
1012,"San Gabriel",3019,"Cesante",32,9434.38
1012,"San Gabriel",3019,"Aspirante",16,18868.75
1013,"Chicacao",17871,"Población ocupada",17223,103.76
1013,"Chicacao",17871,"Cesante",352,5076.99
1013,"Chicacao",17871,"Aspirante",266,6718.42
1014,"Patulul",13704,"Población ocupada",13165,104.09
1014,"Patulul",13704,"Cesante",393,3487.02
1014,"Patulul",13704,"Aspirante",128,10706.25
1015,"Santa Bárbara",7676,"Población ocupada",7433,103.27
1015,"Santa Bárbara",7676,"Cesante",85,9030.59
1015,"Santa Bárbara",7676,"Aspirante",150,5117.33
1016,"San Juan Bautista",2215,"Población ocupada",2172,101.98
1016,"San Juan Bautista",2215,"Cesante",22,10068.18
1016,"San Juan Bautista",2215,"Aspirante",19,11657.89
1017,"Santo Tomas la Unión",4121,"Población ocupada",3988,103.34
1017,"Santo Tomas la Unión",4121,"Cesante",65,6340
1017,"Santo Tomas la Unión",4121,"Aspirante",65,6340
1018,"Zunilito",2958,"Población ocupada",2900,102
1018,"Zunilito",2958,"Cesante",42,7042.86
1018,"Zunilito",2958,"Aspirante",16,18487.5
1019,"Pueblo Nuevo",3921,"Población ocupada",3836,102.22
1019,"Pueblo Nuevo",3921,"Cesante",34,11532.35
1019,"Pueblo Nuevo",3921,"Aspirante",48,8168.75
1020,"Río Bravo",7847,"Población ocupada",7638,102.74
1020,"Río Bravo",7847,"Cesante",79,9932.91
1020,"Río Bravo",7847,"Aspirante",120,6539.17
1021,"San José La Máquina",6658,"Población ocupada",6561,101.48
1021,"San José La Máquina",6658,"Cesante",48,13870.83
1021,"San José La Máquina",6658,"Aspirante",43,15483.72
1101,"Retalhuleu",30824,"Población ocupada",29505,104.47
1101,"Retalhuleu",30824,"Cesante",887,3475.08
1101,"Retalhuleu",30824,"Aspirante",403,7648.64
1102,"San Sebastián",10956,"Población ocupada",10668,102.7
1102,"San Sebastián",10956,"Cesante",177,6189.83
1102,"San Sebastián",10956,"Aspirante",104,10534.62
1103,"Santa Cruz Muluá",4366,"Población ocupada",4015,108.74
1103,"Santa Cruz Muluá",4366,"Cesante",228,1914.91
1103,"Santa Cruz Muluá",4366,"Aspirante",120,3638.33
1104,"San Martín Zapotitlán",3993,"Población ocupada",3881,102.89
1104,"San Martín Zapotitlán",3993,"Cesante",50,7986
1104,"San Martín Zapotitlán",3993,"Aspirante",60,6655
1105,"San Felipe",9029,"Población ocupada",8742,103.28
1105,"San Felipe",9029,"Cesante",124,7281.45
1105,"San Felipe",9029,"Aspirante",152,5940.13
1106,"San Andrés Villa Seca",12278,"Población ocupada",11708,104.87
1106,"San Andrés Villa Seca",12278,"Cesante",459,2674.95
1106,"San Andrés Villa Seca",12278,"Aspirante",102,12037.25
1107,"Champerico",8749,"Población ocupada",8251,106.04
1107,"Champerico",8749,"Cesante",320,2734.06
1107,"Champerico",8749,"Aspirante",172,5086.63
1108,"Nuevo San Carlos",12355,"Población ocupada",12005,102.92
1108,"Nuevo San Carlos",12355,"Cesante",157,7869.43
1108,"Nuevo San Carlos",12355,"Aspirante",186,6642.47
1109,"El Asintal",10568,"Población ocupada",9953,106.18
1109,"El Asintal",10568,"Cesante",269,3928.62
1109,"El Asintal",10568,"Aspirante",335,3154.63
1201,"San Marcos",15979,"Población ocupada",15716,101.67
1201,"San Marcos",15979,"Cesante",154,10375.97
1201,"San Marcos",15979,"Aspirante",97,16473.2
1202,"San Pedro Sacatepéquez",28530,"Población ocupada",28182,101.23
1202,"San Pedro Sacatepéquez",28530,"Cesante",227,12568.28
1202,"San Pedro Sacatepéquez",28530,"Aspirante",99,28818.18
1203,"San Antonio Sacatepéquez",5289,"Población ocupada",5196,101.79
1203,"San Antonio Sacatepéquez",5289,"Cesante",41,12900
1203,"San Antonio Sacatepéquez",5289,"Aspirante",49,10793.88
1204,"Comitancillo",12260,"Población ocupada",12068,101.59
1204,"Comitancillo",12260,"Cesante",111,11045.05
1204,"Comitancillo",12260,"Aspirante",68,18029.41
1205,"San Miguel Ixtahuacán",5791,"Población ocupada",5552,104.3
1205,"San Miguel Ixtahuacán",5791,"Cesante",18,32172.22
1205,"San Miguel Ixtahuacán",5791,"Aspirante",209,2770.81
1206,"Concepción Tutuapa",6365,"Población ocupada",5988,106.3
1206,"Concepción Tutuapa",6365,"Cesante",201,3166.67
1206,"Concepción Tutuapa",6365,"Aspirante",154,4133.12
1207,"Tacaná",9659,"Población ocupada",9258,104.33
1207,"Tacaná",9659,"Cesante",160,6036.88
1207,"Tacaná",9659,"Aspirante",199,4853.77
1208,"Sibinal",3606,"Población ocupada",3579,100.75
1208,"Sibinal",3606,"Cesante",19,18978.95
1208,"Sibinal",3606,"Aspirante",5,72120
1209,"Tajumulco",9379,"Población ocupada",9199,101.96
1209,"Tajumulco",9379,"Cesante",90,10421.11
1209,"Tajumulco",9379,"Aspirante",70,13398.57
1210,"Tejutla",9887,"Población ocupada",9810,100.78
1210,"Tejutla",9887,"Cesante",24,41195.83
1210,"Tejutla",9887,"Aspirante",41,24114.63
1211,"San Rafael Pie de la Cuesta",5499,"Población ocupada",5347,102.84
1211,"San Rafael Pie de la Cuesta",5499,"Cesante",93,5912.9
1211,"San Rafael Pie de la Cuesta",5499,"Aspirante",50,10998
1212,"Nuevo Progreso",8537,"Población ocupada",8209,104
1212,"Nuevo Progreso",8537,"Cesante",160,5335.62
1212,"Nuevo Progreso",8537,"Aspirante",135,6323.7
1213,"El Tumbador",13457,"Población ocupada",13050,103.12
1213,"El Tumbador",13457,"Cesante",283,4755.12
1213,"El Tumbador",13457,"Aspirante",95,14165.26
1214,"San José el Rodeo",5356,"Población ocupada",5228,102.45
1214,"San José el Rodeo",5356,"Cesante",60,8926.67
1214,"San José el Rodeo",5356,"Aspirante",58,9234.48
1215,"Malacatán",25679,"Población ocupada",24734,103.82
1215,"Malacatán",25679,"Cesante",609,4216.58
1215,"Malacatán",25679,"Aspirante",285,9010.18
1216,"Catarina",8599,"Población ocupada",8383,102.58
1216,"Catarina",8599,"Cesante",111,7746.85
1216,"Catarina",8599,"Aspirante",100,8599
1217,"Ayutla",12546,"Población ocupada",12287,102.11
1217,"Ayutla",12546,"Cesante",173,7252.02
1217,"Ayutla",12546,"Aspirante",70,17922.86
1218,"Ocós",3557,"Población ocupada",3502,101.57
1218,"Ocós",3557,"Cesante",27,13174.07
1218,"Ocós",3557,"Aspirante",21,16938.1
1219,"San Pablo",13821,"Población ocupada",13326,103.71
1219,"San Pablo",13821,"Cesante",270,5118.89
1219,"San Pablo",13821,"Aspirante",204,6775
1220,"El Quetzal",6281,"Población ocupada",6167,101.85
1220,"El Quetzal",6281,"Cesante",61,10296.72
1220,"El Quetzal",6281,"Aspirante",49,12818.37
1221,"La Reforma",4471,"Población ocupada",4391,101.82
1221,"La Reforma",4471,"Cesante",22,20322.73
1221,"La Reforma",4471,"Aspirante",44,10161.36
1222,"Pajapita",6805,"Población ocupada",6642,102.45
1222,"Pajapita",6805,"Cesante",59,11533.9
1222,"Pajapita",6805,"Aspirante",96,7088.54
1223,"Ixchiguán",4968,"Población ocupada",4856,102.31
1223,"Ixchiguán",4968,"Cesante",55,9032.73
1223,"Ixchiguán",4968,"Aspirante",46,10800
1224,"San José Ojetenam",4091,"Población ocupada",4068,100.57
1224,"San José Ojetenam",4091,"Cesante",6,68183.33
1224,"San José Ojetenam",4091,"Aspirante",11,37190.91
1225,"San Cristóbal Cucho",4189,"Población ocupada",4144,101.09
1225,"San Cristóbal Cucho",4189,"Cesante",2,209450
1225,"San Cristóbal Cucho",4189,"Aspirante",37,11321.62
1226,"Sipacapa",4275,"Población ocupada",3721,114.89
1226,"Sipacapa",4275,"Cesante",316,1352.85
1226,"Sipacapa",4275,"Aspirante",205,2085.37
1227,"Esquipulas Palo Gordo",3691,"Población ocupada",3629,101.71
1227,"Esquipulas Palo Gordo",3691,"Cesante",44,8388.64
1227,"Esquipulas Palo Gordo",3691,"Aspirante",14,26364.29
1228,"Río Blanco",858,"Población ocupada",846,101.42
1228,"Río Blanco",858,"Cesante",0,Inf
1228,"Río Blanco",858,"Aspirante",11,7800
1229,"San Lorenzo",2745,"Población ocupada",2736,100.33
1229,"San Lorenzo",2745,"Cesante",1,274500
1229,"San Lorenzo",2745,"Aspirante",4,68625
1230,"La Blanca",9339,"Población ocupada",9174,101.8
1230,"La Blanca",9339,"Cesante",74,12620.27
1230,"La Blanca",9339,"Aspirante",74,12620.27
1301,"Huehuetenango",46820,"Población ocupada",45820,102.18
1301,"Huehuetenango",46820,"Cesante",596,7855.7
1301,"Huehuetenango",46820,"Aspirante",384,12192.71
1302,"Chiantla",25826,"Población ocupada",25155,102.67
1302,"Chiantla",25826,"Cesante",202,12785.15
1302,"Chiantla",25826,"Aspirante",388,6656.19
1303,"Malacatancito",5470,"Población ocupada",5402,101.26
1303,"Malacatancito",5470,"Cesante",55,9945.45
1303,"Malacatancito",5470,"Aspirante",10,54700
1304,"Cuilco",14191,"Población ocupada",14142,100.35
1304,"Cuilco",14191,"Cesante",20,70955
1304,"Cuilco",14191,"Aspirante",23,61700
1305,"Nentón",12775,"Población ocupada",12466,102.48
1305,"Nentón",12775,"Cesante",120,10645.83
1305,"Nentón",12775,"Aspirante",160,7984.38
1306,"San Pedro Necta",10525,"Población ocupada",10049,104.74
1306,"San Pedro Necta",10525,"Cesante",164,6417.68
1306,"San Pedro Necta",10525,"Aspirante",236,4459.75
1307,"Jacaltenango",12894,"Población ocupada",12726,101.32
1307,"Jacaltenango",12894,"Cesante",119,10835.29
1307,"Jacaltenango",12894,"Aspirante",37,34848.65
1308,"San Pedro Soloma",10292,"Población ocupada",10105,101.85
1308,"San Pedro Soloma",10292,"Cesante",115,8949.57
1308,"San Pedro Soloma",10292,"Aspirante",51,20180.39
1309,"San Ildefonso Ixtahuacán",14486,"Población ocupada",14283,101.42
1309,"San Ildefonso Ixtahuacán",14486,"Cesante",51,28403.92
1309,"San Ildefonso Ixtahuacán",14486,"Aspirante",128,11317.19
1310,"Santa Bárbara",8416,"Población ocupada",8171,103
1310,"Santa Bárbara",8416,"Cesante",159,5293.08
1310,"Santa Bárbara",8416,"Aspirante",49,17175.51
1311,"La Libertad",10131,"Población ocupada",9965,101.67
1311,"La Libertad",10131,"Cesante",108,9380.56
1311,"La Libertad",10131,"Aspirante",42,24121.43
1312,"La Democracia",16273,"Población ocupada",15946,102.05
1312,"La Democracia",16273,"Cesante",212,7675.94
1312,"La Democracia",16273,"Aspirante",67,24288.06
1313,"San Miguel Acatán",4649,"Población ocupada",4563,101.88
1313,"San Miguel Acatán",4649,"Cesante",44,10565.91
1313,"San Miguel Acatán",4649,"Aspirante",32,14528.12
1314,"San Rafael La Independencia",2823,"Población ocupada",2803,100.71
1314,"San Rafael La Independencia",2823,"Cesante",4,70575
1314,"San Rafael La Independencia",2823,"Aspirante",13,21715.38
1315,"Todos Santos Cuchumatán",6899,"Población ocupada",6804,101.4
1315,"Todos Santos Cuchumatán",6899,"Cesante",66,10453.03
1315,"Todos Santos Cuchumatán",6899,"Aspirante",17,40582.35
1316,"San Juan Atitán",5208,"Población ocupada",5023,103.68
1316,"San Juan Atitán",5208,"Cesante",35,14880
1316,"San Juan Atitán",5208,"Aspirante",108,4822.22
1317,"Santa Eulalia",10173,"Población ocupada",9706,104.81
1317,"Santa Eulalia",10173,"Cesante",224,4541.52
1317,"Santa Eulalia",10173,"Aspirante",179,5683.24
1318,"San Mateo Ixtatán",10132,"Población ocupada",9975,101.57
1318,"San Mateo Ixtatán",10132,"Cesante",66,15351.52
1318,"San Mateo Ixtatán",10132,"Aspirante",65,15587.69
1319,"Colotenango",6600,"Población ocupada",6252,105.57
1319,"Colotenango",6600,"Cesante",227,2907.49
1319,"Colotenango",6600,"Aspirante",71,9295.77
1320,"San Sebastián Huehuetenango",9103,"Población ocupada",8667,105.03
1320,"San Sebastián Huehuetenango",9103,"Cesante",256,3555.86
1320,"San Sebastián Huehuetenango",9103,"Aspirante",122,7461.48
1321,"Tectitán",1821,"Población ocupada",1722,105.75
1321,"Tectitán",1821,"Cesante",68,2677.94
1321,"Tectitán",1821,"Aspirante",23,7917.39
1322,"Concepción Huista",5260,"Población ocupada",5229,100.59
1322,"Concepción Huista",5260,"Cesante",9,58444.44
1322,"Concepción Huista",5260,"Aspirante",16,32875
1323,"San Juan Ixcoy",3360,"Población ocupada",3167,106.09
1323,"San Juan Ixcoy",3360,"Cesante",81,4148.15
1323,"San Juan Ixcoy",3360,"Aspirante",94,3574.47
1324,"San Antonio Huista",5449,"Población ocupada",5407,100.78
1324,"San Antonio Huista",5449,"Cesante",34,16026.47
1324,"San Antonio Huista",5449,"Aspirante",6,90816.67
1325,"San Sebastián Coatán",2393,"Población ocupada",2359,101.44
1325,"San Sebastián Coatán",2393,"Cesante",19,12594.74
1325,"San Sebastián Coatán",2393,"Aspirante",13,18407.69
1326,"Santa Cruz Barillas",27153,"Población ocupada",26689,101.74
1326,"Santa Cruz Barillas",27153,"Cesante",167,16259.28
1326,"Santa Cruz Barillas",27153,"Aspirante",248,10948.79
1327,"Aguacatán",15762,"Población ocupada",15679,100.53
1327,"Aguacatán",15762,"Cesante",38,41478.95
1327,"Aguacatán",15762,"Aspirante",33,47763.64
1328,"San Rafael Petzal",2416,"Población ocupada",2392,101
1328,"San Rafael Petzal",2416,"Cesante",13,18584.62
1328,"San Rafael Petzal",2416,"Aspirante",10,24160
1329,"San Gaspar Ixchil",2824,"Población ocupada",2739,103.1
1329,"San Gaspar Ixchil",2824,"Cesante",39,7241.03
1329,"San Gaspar Ixchil",2824,"Aspirante",33,8557.58
1330,"Santiago Chimaltenango",3236,"Población ocupada",3205,100.97
1330,"Santiago Chimaltenango",3236,"Cesante",4,80900
1330,"Santiago Chimaltenango",3236,"Aspirante",19,17031.58
1331,"Santa Ana Huista",3252,"Población ocupada",3222,100.93
1331,"Santa Ana Huista",3252,"Cesante",25,13008
1331,"Santa Ana Huista",3252,"Aspirante",4,81300
1332,"Unión Cantinil",4455,"Población ocupada",4447,100.18
1332,"Unión Cantinil",4455,"Cesante",5,89100
1332,"Unión Cantinil",4455,"Aspirante",2,222750
1333,"Petatán",2041,"Población ocupada",2041,100
1333,"Petatán",2041,"Cesante",0,Inf
1333,"Petatán",2041,"Aspirante",0,Inf
1401,"Santa Cruz del Quiché",25992,"Población ocupada",25513,101.88
1401,"Santa Cruz del Quiché",25992,"Cesante",253,10273.52
1401,"Santa Cruz del Quiché",25992,"Aspirante",181,14360.22
1402,"Chiché",9109,"Población ocupada",9022,100.96
1402,"Chiché",9109,"Cesante",56,16266.07
1402,"Chiché",9109,"Aspirante",23,39604.35
1403,"Chinique",3543,"Población ocupada",3514,100.83
1403,"Chinique",3543,"Cesante",15,23620
1403,"Chinique",3543,"Aspirante",11,32209.09
1404,"Zacualpa",9594,"Población ocupada",9310,103.05
1404,"Zacualpa",9594,"Cesante",109,8801.83
1404,"Zacualpa",9594,"Aspirante",140,6852.86
1405,"Chajul",12360,"Población ocupada",12161,101.64
1405,"Chajul",12360,"Cesante",14,88285.71
1405,"Chajul",12360,"Aspirante",163,7582.82
1406,"Santo Tomás Chichicastenango",50590,"Población ocupada",50074,101.03
1406,"Santo Tomás Chichicastenango",50590,"Cesante",148,34182.43
1406,"Santo Tomás Chichicastenango",50590,"Aspirante",308,16425.32
1407,"Patzité",1760,"Población ocupada",1738,101.27
1407,"Patzité",1760,"Cesante",4,44000
1407,"Patzité",1760,"Aspirante",15,11733.33
1408,"San Antonio Ilotenango",8532,"Población ocupada",8424,101.28
1408,"San Antonio Ilotenango",8532,"Cesante",47,18153.19
1408,"San Antonio Ilotenango",8532,"Aspirante",39,21876.92
1409,"San Pedro Jocopilas",8423,"Población ocupada",8190,102.84
1409,"San Pedro Jocopilas",8423,"Cesante",186,4528.49
1409,"San Pedro Jocopilas",8423,"Aspirante",29,29044.83
1410,"Cunén",10181,"Población ocupada",10108,100.72
1410,"Cunén",10181,"Cesante",30,33936.67
1410,"Cunén",10181,"Aspirante",33,30851.52
1411,"San Juan Cotzal",8127,"Población ocupada",7972,101.94
1411,"San Juan Cotzal",8127,"Cesante",44,18470.45
1411,"San Juan Cotzal",8127,"Aspirante",100,8127
1412,"Joyabaj",17798,"Población ocupada",17180,103.6
1412,"Joyabaj",17798,"Cesante",404,4405.45
1412,"Joyabaj",17798,"Aspirante",137,12991.24
1413,"Santa María Nebaj",22672,"Población ocupada",22087,102.65
1413,"Santa María Nebaj",22672,"Cesante",116,19544.83
1413,"Santa María Nebaj",22672,"Aspirante",420,5398.1
1414,"San Andrés Sajcabajá",4456,"Población ocupada",4403,101.2
1414,"San Andrés Sajcabajá",4456,"Cesante",32,13925
1414,"San Andrés Sajcabajá",4456,"Aspirante",15,29706.67
1415,"San Miguel Uspantán",16550,"Población ocupada",16223,102.02
1415,"San Miguel Uspantán",16550,"Cesante",72,22986.11
1415,"San Miguel Uspantán",16550,"Aspirante",239,6924.69
1416,"Sacapulas",18510,"Población ocupada",18421,100.48
1416,"Sacapulas",18510,"Cesante",34,54441.18
1416,"Sacapulas",18510,"Aspirante",39,47461.54
1417,"San Bartolomé Jocotenango",3186,"Población ocupada",3124,101.98
1417,"San Bartolomé Jocotenango",3186,"Cesante",38,8384.21
1417,"San Bartolomé Jocotenango",3186,"Aspirante",19,16768.42
1418,"Canillá",2776,"Población ocupada",2537,109.42
1418,"Canillá",2776,"Cesante",213,1303.29
1418,"Canillá",2776,"Aspirante",13,21353.85
1419,"Chicamán",6919,"Población ocupada",6711,103.1
1419,"Chicamán",6919,"Cesante",142,4872.54
1419,"Chicamán",6919,"Aspirante",53,13054.72
1420,"Playa Grande Ixcán",30823,"Población ocupada",30626,100.64
1420,"Playa Grande Ixcán",30823,"Cesante",81,38053.09
1420,"Playa Grande Ixcán",30823,"Aspirante",91,33871.43
1421,"Pachalum",2732,"Población ocupada",2728,100.15
1421,"Pachalum",2732,"Cesante",1,273200
1421,"Pachalum",2732,"Aspirante",2,136600
1501,"Salamá",24420,"Población ocupada",24125,101.22
1501,"Salamá",24420,"Cesante",139,17568.35
1501,"Salamá",24420,"Aspirante",135,18088.89
1502,"San Miguel Chicaj",11509,"Población ocupada",11217,102.6
1502,"San Miguel Chicaj",11509,"Cesante",43,26765.12
1502,"San Miguel Chicaj",11509,"Aspirante",245,4697.55
1503,"Rabinal",14490,"Población ocupada",14111,102.69
1503,"Rabinal",14490,"Cesante",112,12937.5
1503,"Rabinal",14490,"Aspirante",259,5594.59
1504,"Cubulco",16871,"Población ocupada",16596,101.66
1504,"Cubulco",16871,"Cesante",155,10884.52
1504,"Cubulco",16871,"Aspirante",94,17947.87
1505,"Granados",4667,"Población ocupada",4564,102.26
1505,"Granados",4667,"Cesante",27,17285.19
1505,"Granados",4667,"Aspirante",69,6763.77
1506,"Santa Cruz El Chol",3199,"Población ocupada",3175,100.76
1506,"Santa Cruz El Chol",3199,"Cesante",8,39987.5
1506,"Santa Cruz El Chol",3199,"Aspirante",15,21326.67
1507,"San Jerónimo",9610,"Población ocupada",9530,100.84
1507,"San Jerónimo",9610,"Cesante",36,26694.44
1507,"San Jerónimo",9610,"Aspirante",40,24025
1508,"Purulhá",15585,"Población ocupada",15018,103.78
1508,"Purulhá",15585,"Cesante",401,3886.53
1508,"Purulhá",15585,"Aspirante",135,11544.44
1601,"Cobán",73174,"Población ocupada",71448,102.42
1601,"Cobán",73174,"Cesante",882,8296.37
1601,"Cobán",73174,"Aspirante",751,9743.54
1602,"Santa Cruz Verapaz",10542,"Población ocupada",10150,103.86
1602,"Santa Cruz Verapaz",10542,"Cesante",226,4664.6
1602,"Santa Cruz Verapaz",10542,"Aspirante",145,7270.34
1603,"San Cristóbal Verapaz",20981,"Población ocupada",20464,102.53
1603,"San Cristóbal Verapaz",20981,"Cesante",229,9162.01
1603,"San Cristóbal Verapaz",20981,"Aspirante",263,7977.57
1604,"Tactic",14507,"Población ocupada",14261,101.72
1604,"Tactic",14507,"Cesante",148,9802.03
1604,"Tactic",14507,"Aspirante",88,16485.23
1605,"Tamahú",6919,"Población ocupada",6777,102.1
1605,"Tamahú",6919,"Cesante",8,86487.5
1605,"Tamahú",6919,"Aspirante",120,5765.83
1606,"San Miguel Tucurú",4312,"Población ocupada",4036,106.84
1606,"San Miguel Tucurú",4312,"Cesante",124,3477.42
1606,"San Miguel Tucurú",4312,"Aspirante",137,3147.45
1607,"Panzós",18774,"Población ocupada",18256,102.84
1607,"Panzós",18774,"Cesante",116,16184.48
1607,"Panzós",18774,"Aspirante",356,5273.6
1608,"Senahú",23804,"Población ocupada",23308,102.13
1608,"Senahú",23804,"Cesante",118,20172.88
1608,"Senahú",23804,"Aspirante",342,6960.23
1609,"San Pedro Carchá",75142,"Población ocupada",73879,101.71
1609,"San Pedro Carchá",75142,"Cesante",456,16478.51
1609,"San Pedro Carchá",75142,"Aspirante",699,10749.93
1610,"San Juan Chamelco",20950,"Población ocupada",20530,102.05
1610,"San Juan Chamelco",20950,"Cesante",108,19398.15
1610,"San Juan Chamelco",20950,"Aspirante",284,7376.76
1611,"San Agustín Lanquín",6308,"Población ocupada",6127,102.95
1611,"San Agustín Lanquín",6308,"Cesante",12,52566.67
1611,"San Agustín Lanquín",6308,"Aspirante",152,4150
1612,"Santa María Cahabón",17150,"Población ocupada",16565,103.53
1612,"Santa María Cahabón",17150,"Cesante",306,5604.58
1612,"Santa María Cahabón",17150,"Aspirante",239,7175.73
1613,"Chisec",24999,"Población ocupada",24584,101.69
1613,"Chisec",24999,"Cesante",178,14044.38
1613,"Chisec",24999,"Aspirante",205,12194.63
1614,"Chahal",5893,"Población ocupada",5768,102.17
1614,"Chahal",5893,"Cesante",40,14732.5
1614,"Chahal",5893,"Aspirante",76,7753.95
1615,"Fray Bartolomé de las Casas",19343,"Población ocupada",18763,103.09
1615,"Fray Bartolomé de las Casas",19343,"Cesante",163,11866.87
1615,"Fray Bartolomé de las Casas",19343,"Aspirante",350,5526.57
1616,"Santa Catalina La Tinta",10051,"Población ocupada",9832,102.23
1616,"Santa Catalina La Tinta",10051,"Cesante",89,11293.26
1616,"Santa Catalina La Tinta",10051,"Aspirante",114,8816.67
1617,"Raxruhá",11485,"Población ocupada",11412,100.64
1617,"Raxruhá",11485,"Cesante",26,44173.08
1617,"Raxruhá",11485,"Aspirante",43,26709.3
1701,"Flores",14888,"Población ocupada",14478,102.83
1701,"Flores",14888,"Cesante",275,5413.82
1701,"Flores",14888,"Aspirante",125,11910.4
1702,"San José",2324,"Población ocupada",2249,103.33
1702,"San José",2324,"Cesante",21,11066.67
1702,"San José",2324,"Aspirante",47,4944.68
1703,"San Benito",16820,"Población ocupada",16260,103.44
1703,"San Benito",16820,"Cesante",388,4335.05
1703,"San Benito",16820,"Aspirante",155,10851.61
1704,"San Andrés",10402,"Población ocupada",10305,100.94
1704,"San Andrés",10402,"Cesante",67,15525.37
1704,"San Andrés",10402,"Aspirante",24,43341.67
1705,"La Libertad",22360,"Población ocupada",21990,101.68
1705,"La Libertad",22360,"Cesante",228,9807.02
1705,"La Libertad",22360,"Aspirante",106,21094.34
1706,"San Francisco",4360,"Población ocupada",4064,107.28
1706,"San Francisco",4360,"Cesante",72,6055.56
1706,"San Francisco",4360,"Aspirante",201,2169.15
1707,"Santa Ana",6669,"Población ocupada",6543,101.93
1707,"Santa Ana",6669,"Cesante",91,7328.57
1707,"Santa Ana",6669,"Aspirante",31,21512.9
1708,"Dolores",8029,"Población ocupada",7936,101.17
1708,"Dolores",8029,"Cesante",38,21128.95
1708,"Dolores",8029,"Aspirante",47,17082.98
1709,"San Luis",19674,"Población ocupada",19240,102.26
1709,"San Luis",19674,"Cesante",251,7838.25
1709,"San Luis",19674,"Aspirante",158,12451.9
1710,"Sayaxché",22423,"Población ocupada",21484,104.37
1710,"Sayaxché",22423,"Cesante",445,5038.88
1710,"Sayaxché",22423,"Aspirante",447,5016.33
1711,"Melchor de Mencos",9956,"Población ocupada",9767,101.94
1711,"Melchor de Mencos",9956,"Cesante",127,7839.37
1711,"Melchor de Mencos",9956,"Aspirante",55,18101.82
1712,"Poptún",17760,"Población ocupada",17345,102.39
1712,"Poptún",17760,"Cesante",249,7132.53
1712,"Poptún",17760,"Aspirante",146,12164.38
1713,"Las Cruces",10446,"Población ocupada",10284,101.58
1713,"Las Cruces",10446,"Cesante",78,13392.31
1713,"Las Cruces",10446,"Aspirante",42,24871.43
1714,"El Chal",4217,"Población ocupada",4153,101.54
1714,"El Chal",4217,"Cesante",24,17570.83
1714,"El Chal",4217,"Aspirante",36,11713.89
1801,"Puerto Barrios",40881,"Población ocupada",39284,104.07
1801,"Puerto Barrios",40881,"Cesante",1089,3753.99
1801,"Puerto Barrios",40881,"Aspirante",467,8753.96
1802,"Livingston",21910,"Población ocupada",21005,104.31
1802,"Livingston",21910,"Cesante",454,4825.99
1802,"Livingston",21910,"Aspirante",417,5254.2
1803,"El Estor",20562,"Población ocupada",19954,103.05
1803,"El Estor",20562,"Cesante",280,7343.57
1803,"El Estor",20562,"Aspirante",291,7065.98
1804,"Morales",36488,"Población ocupada",35123,103.89
1804,"Morales",36488,"Cesante",725,5032.83
1804,"Morales",36488,"Aspirante",596,6122.15
1805,"Los Amates",19339,"Población ocupada",18992,101.83
1805,"Los Amates",19339,"Cesante",144,13429.86
1805,"Los Amates",19339,"Aspirante",166,11650
1901,"Zacapa",24810,"Población ocupada",23947,103.6
1901,"Zacapa",24810,"Cesante",558,4446.24
1901,"Zacapa",24810,"Aspirante",279,8892.47
1902,"Estanzuela",3407,"Población ocupada",3198,106.54
1902,"Estanzuela",3407,"Cesante",165,2064.85
1902,"Estanzuela",3407,"Aspirante",40,8517.5
1903,"Río Hondo",8003,"Población ocupada",7646,104.67
1903,"Río Hondo",8003,"Cesante",227,3525.55
1903,"Río Hondo",8003,"Aspirante",125,6402.4
1904,"Gualán",15901,"Población ocupada",15426,103.08
1904,"Gualán",15901,"Cesante",337,4718.4
1904,"Gualán",15901,"Aspirante",120,13250.83
1905,"Teculután",6675,"Población ocupada",6407,104.18
1905,"Teculután",6675,"Cesante",187,3569.52
1905,"Teculután",6675,"Aspirante",76,8782.89
1906,"Usumatlán",4288,"Población ocupada",4102,104.53
1906,"Usumatlán",4288,"Cesante",81,5293.83
1906,"Usumatlán",4288,"Aspirante",104,4123.08
1907,"Cabañas",4277,"Población ocupada",4130,103.56
1907,"Cabañas",4277,"Cesante",92,4648.91
1907,"Cabañas",4277,"Aspirante",47,9100
1908,"San Diego",2278,"Población ocupada",2259,100.84
1908,"San Diego",2278,"Cesante",10,22780
1908,"San Diego",2278,"Aspirante",5,45560
1909,"La Unión",8024,"Población ocupada",7887,101.74
1909,"La Unión",8024,"Cesante",67,11976.12
1909,"La Unión",8024,"Aspirante",59,13600
1910,"Huité",3518,"Población ocupada",3334,105.52
1910,"Huité",3518,"Cesante",76,4628.95
1910,"Huité",3518,"Aspirante",104,3382.69
1911,"San Jorge",3342,"Población ocupada",3146,106.23
1911,"San Jorge",3342,"Cesante",181,1846.41
1911,"San Jorge",3342,"Aspirante",13,25707.69
2001,"Chiquimula",38285,"Población ocupada",37439,102.26
2001,"Chiquimula",38285,"Cesante",577,6635.18
2001,"Chiquimula",38285,"Aspirante",229,16718.34
2002,"San José la Arada",2778,"Población ocupada",2746,101.17
2002,"San José la Arada",2778,"Cesante",25,11112
2002,"San José la Arada",2778,"Aspirante",5,55560
2003,"San Juan Ermita",4551,"Población ocupada",4418,103.01
2003,"San Juan Ermita",4551,"Cesante",21,21671.43
2003,"San Juan Ermita",4551,"Aspirante",108,4213.89
2004,"Jocotán",13165,"Población ocupada",12711,103.57
2004,"Jocotán",13165,"Cesante",236,5578.39
2004,"Jocotán",13165,"Aspirante",166,7930.72
2005,"Camotán",9168,"Población ocupada",8705,105.32
2005,"Camotán",9168,"Cesante",196,4677.55
2005,"Camotán",9168,"Aspirante",233,3934.76
2006,"Olopa",7097,"Población ocupada",6915,102.63
2006,"Olopa",7097,"Cesante",117,6065.81
2006,"Olopa",7097,"Aspirante",50,14194
2007,"Esquipulas",19213,"Población ocupada",18783,102.29
2007,"Esquipulas",19213,"Cesante",309,6217.8
2007,"Esquipulas",19213,"Aspirante",94,20439.36
2008,"Concepción las Minas",3477,"Población ocupada",3335,104.26
2008,"Concepción las Minas",3477,"Cesante",95,3660
2008,"Concepción las Minas",3477,"Aspirante",38,9150
2009,"Quezaltepeque",9242,"Población ocupada",9146,101.05
2009,"Quezaltepeque",9242,"Cesante",66,14003.03
2009,"Quezaltepeque",9242,"Aspirante",26,35546.15
2010,"San Jacinto",3516,"Población ocupada",3488,100.8
2010,"San Jacinto",3516,"Cesante",19,18505.26
2010,"San Jacinto",3516,"Aspirante",8,43950
2011,"Ipala",7816,"Población ocupada",7696,101.56
2011,"Ipala",7816,"Cesante",94,8314.89
2011,"Ipala",7816,"Aspirante",24,32566.67
2101,"Jalapa",55595,"Población ocupada",54714,101.61
2101,"Jalapa",55595,"Cesante",468,11879.27
2101,"Jalapa",55595,"Aspirante",362,15357.73
2102,"San Pedro Pinula",18542,"Población ocupada",18260,101.54
2102,"San Pedro Pinula",18542,"Cesante",85,21814.12
2102,"San Pedro Pinula",18542,"Aspirante",174,10656.32
2103,"San Luis Jilotepeque",9366,"Población ocupada",9276,100.97
2103,"San Luis Jilotepeque",9366,"Cesante",35,26760
2103,"San Luis Jilotepeque",9366,"Aspirante",51,18364.71
2104,"San Manuel Chaparrón",2838,"Población ocupada",2815,100.82
2104,"San Manuel Chaparrón",2838,"Cesante",10,28380
2104,"San Manuel Chaparrón",2838,"Aspirante",13,21830.77
2105,"San Carlos Alzatate",5823,"Población ocupada",5800,100.4
2105,"San Carlos Alzatate",5823,"Cesante",11,52936.36
2105,"San Carlos Alzatate",5823,"Aspirante",5,116460
2106,"Monjas",9805,"Población ocupada",9515,103.05
2106,"Monjas",9805,"Cesante",118,8309.32
2106,"Monjas",9805,"Aspirante",143,6856.64
2107,"Mataquescuintla",14877,"Población ocupada",14467,102.83
2107,"Mataquescuintla",14877,"Cesante",270,5510
2107,"Mataquescuintla",14877,"Aspirante",108,13775
2201,"Jutiapa",46564,"Población ocupada",45270,102.86
2201,"Jutiapa",46564,"Cesante",608,7658.55
2201,"Jutiapa",46564,"Aspirante",635,7332.91
2202,"El Progreso",8494,"Población ocupada",8253,102.92
2202,"El Progreso",8494,"Cesante",166,5116.87
2202,"El Progreso",8494,"Aspirante",72,11797.22
2203,"Santa Catarina Mita",10381,"Población ocupada",10194,101.83
2203,"Santa Catarina Mita",10381,"Cesante",140,7415
2203,"Santa Catarina Mita",10381,"Aspirante",42,24716.67
2204,"Agua Blanca",5345,"Población ocupada",5212,102.55
2204,"Agua Blanca",5345,"Cesante",108,4949.07
2204,"Agua Blanca",5345,"Aspirante",21,25452.38
2205,"Asunción Mita",17975,"Población ocupada",17487,102.79
2205,"Asunción Mita",17975,"Cesante",293,6134.81
2205,"Asunción Mita",17975,"Aspirante",181,9930.94
2206,"Yupiltepeque",5929,"Población ocupada",5835,101.61
2206,"Yupiltepeque",5929,"Cesante",31,19125.81
2206,"Yupiltepeque",5929,"Aspirante",61,9719.67
2207,"Atescatempa",6781,"Población ocupada",6544,103.62
2207,"Atescatempa",6781,"Cesante",135,5022.96
2207,"Atescatempa",6781,"Aspirante",94,7213.83
2208,"Jerez",2425,"Población ocupada",2385,101.68
2208,"Jerez",2425,"Cesante",10,24250
2208,"Jerez",2425,"Aspirante",30,8083.33
2209,"El Adelanto",1871,"Población ocupada",1858,100.7
2209,"El Adelanto",1871,"Cesante",5,37420
2209,"El Adelanto",1871,"Aspirante",8,23387.5
2210,"Zapotitlán",2951,"Población ocupada",2873,102.71
2210,"Zapotitlán",2951,"Cesante",7,42157.14
2210,"Zapotitlán",2951,"Aspirante",65,4540
2211,"Comapa",9815,"Población ocupada",9644,101.77
2211,"Comapa",9815,"Cesante",60,16358.33
2211,"Comapa",9815,"Aspirante",99,9914.14
2212,"Jalpatagua",9072,"Población ocupada",8883,102.13
2212,"Jalpatagua",9072,"Cesante",80,11340
2212,"Jalpatagua",9072,"Aspirante",105,8640
2213,"Conguaco",6511,"Población ocupada",6411,101.56
2213,"Conguaco",6511,"Cesante",38,17134.21
2213,"Conguaco",6511,"Aspirante",53,12284.91
2214,"Moyuta",12173,"Población ocupada",11785,103.29
2214,"Moyuta",12173,"Cesante",256,4755.08
2214,"Moyuta",12173,"Aspirante",118,10316.1
2215,"Pasaco",2758,"Población ocupada",2640,104.47
2215,"Pasaco",2758,"Cesante",33,8357.58
2215,"Pasaco",2758,"Aspirante",81,3404.94
2216,"San José Acatempa",3987,"Población ocupada",3865,103.16
2216,"San José Acatempa",3987,"Cesante",60,6645
2216,"San José Acatempa",3987,"Aspirante",61,6536.07
2217,"Quesada",7628,"Población ocupada",7438,102.55
2217,"Quesada",7628,"Cesante",74,10308.11
2217,"Quesada",7628,"Aspirante",111,6872.07
